serial-number;device-identification;created;value-data-count;energy,Wh,inst-value,0,0,0;manufacturer-specific-ff-04,,inst-value,0,0,0;energy,Wh,inst-value,0,1,0;energy,Wh,inst-value,0,2,0;energy,Wh,inst-value,0,3,0;power,W,inst-value,0,0,0;manufacturer-specific-ff-01,,inst-value,0,0,0;manufacturer-specific-ff-07,,inst-value,0,0,0;manufacturer-specific-ff-02,,inst-value,0,0,0;voltage,V,inst-value,0,4,0;voltage,V,inst-value,0,0,0;manufacturer-specific-ff-12,,inst-value,0,1,0;manufacturer-specific-ff-13,,inst-value,0,2,0;manufacturer-specific-ff-14,,inst-value,0,3,0;manufacturer-specific,,inst-value,0,0,0
6033601;1069128;2017-08-12 00:00;0;10912200;5331;3570000;1588400;5753400;262;765;2729;960;409,3;235,4;798;347;75;
serial-number;device-identification;created;value-data-count;energy,Wh,inst-value,0,0,0;manufacturer-specific-ff-04,,inst-value,0,0,0;energy,Wh,inst-value,0,1,0;energy,Wh,inst-value,0,2,0;energy,Wh,inst-value,0,3,0;power,W,inst-value,0,0,0;manufacturer-specific-ff-01,,inst-value,0,0,0;manufacturer-specific-ff-07,,inst-value,0,0,0;manufacturer-specific-ff-02,,inst-value,0,0,0;voltage,V,inst-value,0,4,0;voltage,V,inst-value,0,0,0;manufacturer-specific-ff-12,,inst-value,0,1,0;manufacturer-specific-ff-13,,inst-value,0,2,0;manufacturer-specific-ff-14,,inst-value,0,3,0;manufacturer-specific,,inst-value,0,0,0
6033601;1069147;2017-08-12 00:00;0;4795900;5423;1118800;1168500;2508200;19,5;-207;284;-686;409;235,3;92;128;139;
serial-number;device-identification;created;value-data-count;energy,Wh,inst-value,0,0,0;manufacturer-specific-ff-04,,inst-value,0,0,0;energy,Wh,inst-value,0,1,0;energy,Wh,inst-value,0,2,0;energy,Wh,inst-value,0,3,0;power,W,inst-value,0,0,0;manufacturer-specific-ff-01,,inst-value,0,0,0;manufacturer-specific-ff-07,,inst-value,0,0,0;manufacturer-specific-ff-02,,inst-value,0,0,0;voltage,V,inst-value,0,4,0;voltage,V,inst-value,0,0,0;manufacturer-specific-ff-12,,inst-value,0,1,0;manufacturer-specific-ff-13,,inst-value,0,2,0;manufacturer-specific-ff-14,,inst-value,0,3,0;manufacturer-specific,,inst-value,0,0,0
6033601;1069162;2017-08-12 00:00;0;11931700;8467;4510600;2895700;4525100;49,6;-1454;1536;-322;408,7;235,3;209;351;134;
serial-number;device-identification;created;value-data-count;energy,Wh,inst-value,0,0,0;manufacturer-specific-ff-04,,inst-value,0,0,0;energy,Wh,inst-value,0,1,0;energy,Wh,inst-value,0,2,0;energy,Wh,inst-value,0,3,0;power,W,inst-value,0,0,0;manufacturer-specific-ff-01,,inst-value,0,0,0;manufacturer-specific-ff-07,,inst-value,0,0,0;manufacturer-specific-ff-02,,inst-value,0,0,0;voltage,V,inst-value,0,4,0;voltage,V,inst-value,0,0,0;manufacturer-specific-ff-12,,inst-value,0,1,0;manufacturer-specific-ff-13,,inst-value,0,2,0;manufacturer-specific-ff-14,,inst-value,0,3,0;manufacturer-specific,,inst-value,0,0,0
6033601;1069211;2017-08-12 00:00;0;10332600;4810;1773100;1813000;6746100;7,9;-182;198;-398;409,1;235,4;197;172;58;
serial-number;device-identification;created;value-data-count;energy,Wh,inst-value,0,0,0;manufacturer-specific-ff-04,,inst-value,0,0,0;energy,Wh,inst-value,0,1,0;energy,Wh,inst-value,0,2,0;energy,Wh,inst-value,0,3,0;power,W,inst-value,0,0,0;manufacturer-specific-ff-01,,inst-value,0,0,0;manufacturer-specific-ff-07,,inst-value,0,0,0;manufacturer-specific-ff-02,,inst-value,0,0,0;voltage,V,inst-value,0,4,0;voltage,V,inst-value,0,0,0;manufacturer-specific-ff-12,,inst-value,0,1,0;manufacturer-specific-ff-13,,inst-value,0,2,0;manufacturer-specific-ff-14,,inst-value,0,3,0;manufacturer-specific,,inst-value,0,0,0
6033601;1069220;2017-08-12 00:00;0;5146800;5255;1811100;1036100;2299400;36,5;-1398;1444;-252;409;235,4;293;186;154;
serial-number;device-identification;created;value-data-count;energy,Wh,inst-value,0,0,0;manufacturer-specific-ff-04,,inst-value,0,0,0;energy,Wh,inst-value,0,1,0;energy,Wh,inst-value,0,2,0;energy,Wh,inst-value,0,3,0;power,W,inst-value,0,0,0;manufacturer-specific-ff-01,,inst-value,0,0,0;manufacturer-specific-ff-07,,inst-value,0,0,0;manufacturer-specific-ff-02,,inst-value,0,0,0;voltage,V,inst-value,0,4,0;voltage,V,inst-value,0,0,0;manufacturer-specific-ff-12,,inst-value,0,1,0;manufacturer-specific-ff-13,,inst-value,0,2,0;manufacturer-specific-ff-14,,inst-value,0,3,0;manufacturer-specific,,inst-value,0,0,0
6033601;1069401;2017-08-12 00:00;0;4501200;4912;771200;1233300;2496500;122,5;-219;1244;-984;409,4;235,8;100;202;365;
serial-number;device-identification;created;value-data-count;energy,Wh,inst-value,0,0,0;manufacturer-specific-ff-04,,inst-value,0,0,0;energy,Wh,inst-value,0,1,0;energy,Wh,inst-value,0,2,0;energy,Wh,inst-value,0,3,0;power,W,inst-value,0,0,0;manufacturer-specific-ff-01,,inst-value,0,0,0;manufacturer-specific-ff-07,,inst-value,0,0,0;manufacturer-specific-ff-02,,inst-value,0,0,0;voltage,V,inst-value,0,4,0;voltage,V,inst-value,0,0,0;manufacturer-specific-ff-12,,inst-value,0,1,0;manufacturer-specific-ff-13,,inst-value,0,2,0;manufacturer-specific-ff-14,,inst-value,0,3,0;manufacturer-specific,,inst-value,0,0,0
6033601;1069417;2017-08-12 00:00;0;11540600;9570;2840200;4440000;4260100;31,4;-1079;1123;-279;409,2;235,4;131;171;186;
serial-number;device-identification;created;value-data-count;energy,Wh,inst-value,0,0,0;manufacturer-specific-ff-04,,inst-value,0,0,0;energy,Wh,inst-value,0,1,0;energy,Wh,inst-value,0,2,0;energy,Wh,inst-value,0,3,0;power,W,inst-value,0,0,0;manufacturer-specific-ff-01,,inst-value,0,0,0;manufacturer-specific-ff-07,,inst-value,0,0,0;manufacturer-specific-ff-02,,inst-value,0,0,0;voltage,V,inst-value,0,4,0;voltage,V,inst-value,0,0,0;manufacturer-specific-ff-12,,inst-value,0,1,0;manufacturer-specific-ff-13,,inst-value,0,2,0;manufacturer-specific-ff-14,,inst-value,0,3,0;manufacturer-specific,,inst-value,0,0,0
6033601;1069445;2017-08-12 00:00;0;10685600;3594;2326900;1417300;6941100;105;-2393;2613;-401;408,2;235,1;392;407;427;
serial-number;device-identification;created;value-data-count;energy,Wh,inst-value,0,0,0;manufacturer-specific-ff-04,,inst-value,0,0,0;energy,Wh,inst-value,0,1,0;energy,Wh,inst-value,0,2,0;energy,Wh,inst-value,0,3,0;power,W,inst-value,0,0,0;manufacturer-specific-ff-01,,inst-value,0,0,0;manufacturer-specific-ff-07,,inst-value,0,0,0;manufacturer-specific-ff-02,,inst-value,0,0,0;voltage,V,inst-value,0,4,0;voltage,V,inst-value,0,0,0;manufacturer-specific-ff-12,,inst-value,0,1,0;manufacturer-specific-ff-13,,inst-value,0,2,0;manufacturer-specific-ff-14,,inst-value,0,3,0;manufacturer-specific,,inst-value,0,0,0
6033601;1069452;2017-08-12 00:00;0;12588400;16701;2245900;3305000;7036700;39,2;-1066;1135;-345;409,3;235,7;88;162;245;
serial-number;device-identification;created;value-data-count;energy,Wh,inst-value,0,0,0;manufacturer-specific-ff-04,,inst-value,0,0,0;energy,Wh,inst-value,0,1,0;energy,Wh,inst-value,0,2,0;energy,Wh,inst-value,0,3,0;power,W,inst-value,0,0,0;manufacturer-specific-ff-01,,inst-value,0,0,0;manufacturer-specific-ff-07,,inst-value,0,0,0;manufacturer-specific-ff-02,,inst-value,0,0,0;voltage,V,inst-value,0,4,0;voltage,V,inst-value,0,0,0;manufacturer-specific-ff-12,,inst-value,0,1,0;manufacturer-specific-ff-13,,inst-value,0,2,0;manufacturer-specific-ff-14,,inst-value,0,3,0;manufacturer-specific,,inst-value,0,0,0
6033601;1069504;2017-08-12 00:00;0;6903400;10826;3693400;1135600;2074100;26,4;-395;475;-555;409;235,5;267;123;43;
serial-number;device-identification;created;value-data-count;energy,Wh,inst-value,0,0,0;manufacturer-specific-ff-04,,inst-value,0,0,0;energy,Wh,inst-value,0,1,0;energy,Wh,inst-value,0,2,0;energy,Wh,inst-value,0,3,0;power,W,inst-value,0,0,0;manufacturer-specific-ff-01,,inst-value,0,0,0;manufacturer-specific-ff-07,,inst-value,0,0,0;manufacturer-specific-ff-02,,inst-value,0,0,0;voltage,V,inst-value,0,4,0;voltage,V,inst-value,0,0,0;manufacturer-specific-ff-12,,inst-value,0,1,0;manufacturer-specific-ff-13,,inst-value,0,2,0;manufacturer-specific-ff-14,,inst-value,0,3,0;manufacturer-specific,,inst-value,0,0,0
6033601;1069505;2017-08-12 00:00;0;7238700;7700;1200400;2287600;3750300;116,4;-843;1437;-810;409,6;235,8;57;189;412;
serial-number;device-identification;created;value-data-count;energy,Wh,inst-value,0,0,0;manufacturer-specific-ff-04,,inst-value,0,0,0;energy,Wh,inst-value,0,1,0;energy,Wh,inst-value,0,2,0;energy,Wh,inst-value,0,3,0;power,W,inst-value,0,0,0;manufacturer-specific-ff-01,,inst-value,0,0,0;manufacturer-specific-ff-07,,inst-value,0,0,0;manufacturer-specific-ff-02,,inst-value,0,0,0;voltage,V,inst-value,0,4,0;voltage,V,inst-value,0,0,0;manufacturer-specific-ff-12,,inst-value,0,1,0;manufacturer-specific-ff-13,,inst-value,0,2,0;manufacturer-specific-ff-14,,inst-value,0,3,0;manufacturer-specific,,inst-value,0,0,0
6033601;1069512;2017-08-12 00:00;0;6314600;8288;877700;3351200;2085000;13,5;-280;310;-435;410,6;236,2;204;182;111;
serial-number;device-identification;created;value-data-count;energy,Wh,inst-value,0,0,0;manufacturer-specific-ff-04,,inst-value,0,0,0;energy,Wh,inst-value,0,1,0;energy,Wh,inst-value,0,2,0;energy,Wh,inst-value,0,3,0;power,W,inst-value,0,0,0;manufacturer-specific-ff-01,,inst-value,0,0,0;manufacturer-specific-ff-07,,inst-value,0,0,0;manufacturer-specific-ff-02,,inst-value,0,0,0;voltage,V,inst-value,0,4,0;voltage,V,inst-value,0,0,0;manufacturer-specific-ff-12,,inst-value,0,1,0;manufacturer-specific-ff-13,,inst-value,0,2,0;manufacturer-specific-ff-14,,inst-value,0,3,0;manufacturer-specific,,inst-value,0,0,0
6033601;1069521;2017-08-12 00:00;0;8210200;9462;1263100;2908300;4038500;381,4;-3064;4892;-779;409,6;235,7;481;388;1360;
serial-number;device-identification;created;value-data-count;energy,Wh,inst-value,0,0,0;manufacturer-specific-ff-04,,inst-value,0,0,0;energy,Wh,inst-value,0,1,0;energy,Wh,inst-value,0,2,0;energy,Wh,inst-value,0,3,0;power,W,inst-value,0,0,0;manufacturer-specific-ff-01,,inst-value,0,0,0;manufacturer-specific-ff-07,,inst-value,0,0,0;manufacturer-specific-ff-02,,inst-value,0,0,0;voltage,V,inst-value,0,4,0;voltage,V,inst-value,0,0,0;manufacturer-specific-ff-12,,inst-value,0,1,0;manufacturer-specific-ff-13,,inst-value,0,2,0;manufacturer-specific-ff-14,,inst-value,0,3,0;manufacturer-specific,,inst-value,0,0,0
6033601;1069542;2017-08-12 00:00;0;7961500;6924;2133400;1348600;4479100;144,8;92;1450;998;410,4;236,4;81;261;696;
serial-number;device-identification;created;value-data-count;energy,Wh,inst-value,0,0,0;manufacturer-specific-ff-04,,inst-value,0,0,0;energy,Wh,inst-value,0,1,0;energy,Wh,inst-value,0,2,0;energy,Wh,inst-value,0,3,0;power,W,inst-value,0,0,0;manufacturer-specific-ff-01,,inst-value,0,0,0;manufacturer-specific-ff-07,,inst-value,0,0,0;manufacturer-specific-ff-02,,inst-value,0,0,0;voltage,V,inst-value,0,4,0;voltage,V,inst-value,0,0,0;manufacturer-specific-ff-12,,inst-value,0,1,0;manufacturer-specific-ff-13,,inst-value,0,2,0;manufacturer-specific-ff-14,,inst-value,0,3,0;manufacturer-specific,,inst-value,0,0,0
6033601;1069585;2017-08-12 00:00;0;5185700;6338;2127900;2081100;976500;425,4;-1040;4379;-971;410;235,7;1552;385;123;
serial-number;device-identification;created;value-data-count;energy,Wh,inst-value,0,0,0;manufacturer-specific-ff-04,,inst-value,0,0,0;energy,Wh,inst-value,0,1,0;energy,Wh,inst-value,0,2,0;energy,Wh,inst-value,0,3,0;power,W,inst-value,0,0,0;manufacturer-specific-ff-01,,inst-value,0,0,0;manufacturer-specific-ff-07,,inst-value,0,0,0;manufacturer-specific-ff-02,,inst-value,0,0,0;voltage,V,inst-value,0,4,0;voltage,V,inst-value,0,0,0;manufacturer-specific-ff-12,,inst-value,0,1,0;manufacturer-specific-ff-13,,inst-value,0,2,0;manufacturer-specific-ff-14,,inst-value,0,3,0;manufacturer-specific,,inst-value,0,0,0
6033601;1069593;2017-08-12 00:00;0;3759300;2340;315200;1350800;2092700;95,2;-644;1149;-828;410,2;235,7;177;338;204;
serial-number;device-identification;created;value-data-count;energy,Wh,inst-value,0,0,0;manufacturer-specific-ff-04,,inst-value,0,0,0;energy,Wh,inst-value,0,1,0;energy,Wh,inst-value,0,2,0;energy,Wh,inst-value,0,3,0;power,W,inst-value,0,0,0;manufacturer-specific-ff-01,,inst-value,0,0,0;manufacturer-specific-ff-07,,inst-value,0,0,0;manufacturer-specific-ff-02,,inst-value,0,0,0;voltage,V,inst-value,0,4,0;voltage,V,inst-value,0,0,0;manufacturer-specific-ff-12,,inst-value,0,1,0;manufacturer-specific-ff-13,,inst-value,0,2,0;manufacturer-specific-ff-14,,inst-value,0,3,0;manufacturer-specific,,inst-value,0,0,0
6033601;1069630;2017-08-12 00:00;0;7552300;6009;633400;1060300;5858100;100,7;-747;1253;-803;410,1;236;62;114;449;
serial-number;device-identification;created;value-data-count;energy,Wh,inst-value,0,0,0;manufacturer-specific-ff-04,,inst-value,0,0,0;energy,Wh,inst-value,0,1,0;energy,Wh,inst-value,0,2,0;energy,Wh,inst-value,0,3,0;power,W,inst-value,0,0,0;manufacturer-specific-ff-01,,inst-value,0,0,0;manufacturer-specific-ff-07,,inst-value,0,0,0;manufacturer-specific-ff-02,,inst-value,0,0,0;voltage,V,inst-value,0,4,0;voltage,V,inst-value,0,0,0;manufacturer-specific-ff-12,,inst-value,0,1,0;manufacturer-specific-ff-13,,inst-value,0,2,0;manufacturer-specific-ff-14,,inst-value,0,3,0;manufacturer-specific,,inst-value,0,0,0
6033601;1069657;2017-08-12 00:00;0;5395600;7622;2308600;1251800;1834900;28,2;-1299;1329;-212;410,1;236,1;234;194;142;
serial-number;device-identification;created;value-data-count;energy,Wh,inst-value,0,0,0;manufacturer-specific-ff-04,,inst-value,0,0,0;energy,Wh,inst-value,0,1,0;energy,Wh,inst-value,0,2,0;energy,Wh,inst-value,0,3,0;power,W,inst-value,0,0,0;manufacturer-specific-ff-01,,inst-value,0,0,0;manufacturer-specific-ff-07,,inst-value,0,0,0;manufacturer-specific-ff-02,,inst-value,0,0,0;voltage,V,inst-value,0,4,0;voltage,V,inst-value,0,0,0;manufacturer-specific-ff-12,,inst-value,0,1,0;manufacturer-specific-ff-13,,inst-value,0,2,0;manufacturer-specific-ff-14,,inst-value,0,3,0;manufacturer-specific,,inst-value,0,0,0
6033601;1069666;2017-08-12 00:00;0;7300800;7682;2279300;3193100;1828000;112,2;-520;1236;-907;410,6;236;287;102;306;
serial-number;device-identification;created;value-data-count;energy,Wh,inst-value,0,0,0;manufacturer-specific-ff-04,,inst-value,0,0,0;energy,Wh,inst-value,0,1,0;energy,Wh,inst-value,0,2,0;energy,Wh,inst-value,0,3,0;power,W,inst-value,0,0,0;manufacturer-specific-ff-01,,inst-value,0,0,0;manufacturer-specific-ff-07,,inst-value,0,0,0;manufacturer-specific-ff-02,,inst-value,0,0,0;voltage,V,inst-value,0,4,0;voltage,V,inst-value,0,0,0;manufacturer-specific-ff-12,,inst-value,0,1,0;manufacturer-specific-ff-13,,inst-value,0,2,0;manufacturer-specific-ff-14,,inst-value,0,3,0;manufacturer-specific,,inst-value,0,0,0
6033601;1069667;2017-08-12 00:00;0;5481900;7004;1584600;1264500;2632500;196,8;-970;2194;-896;410,5;236,4;458;249;430;
serial-number;device-identification;created;value-data-count;energy,Wh,inst-value,0,0,0;manufacturer-specific-ff-04,,inst-value,0,0,0;energy,Wh,inst-value,0,1,0;energy,Wh,inst-value,0,2,0;energy,Wh,inst-value,0,3,0;power,W,inst-value,0,0,0;manufacturer-specific-ff-01,,inst-value,0,0,0;manufacturer-specific-ff-07,,inst-value,0,0,0;manufacturer-specific-ff-02,,inst-value,0,0,0;voltage,V,inst-value,0,4,0;voltage,V,inst-value,0,0,0;manufacturer-specific-ff-12,,inst-value,0,1,0;manufacturer-specific-ff-13,,inst-value,0,2,0;manufacturer-specific-ff-14,,inst-value,0,3,0;manufacturer-specific,,inst-value,0,0,0
6033601;1069699;2017-08-12 00:00;0;8308500;18855;2427200;1956100;3925100;323,1;2050;3826;844;410,3;236,3;62;143;1560;
serial-number;device-identification;created;value-data-count;energy,Wh,inst-value,0,0,0;manufacturer-specific-ff-04,,inst-value,0,0,0;energy,Wh,inst-value,0,1,0;energy,Wh,inst-value,0,2,0;energy,Wh,inst-value,0,3,0;power,W,inst-value,0,0,0;manufacturer-specific-ff-01,,inst-value,0,0,0;manufacturer-specific-ff-07,,inst-value,0,0,0;manufacturer-specific-ff-02,,inst-value,0,0,0;voltage,V,inst-value,0,4,0;voltage,V,inst-value,0,0,0;manufacturer-specific-ff-12,,inst-value,0,1,0;manufacturer-specific-ff-13,,inst-value,0,2,0;manufacturer-specific-ff-14,,inst-value,0,3,0;manufacturer-specific,,inst-value,0,0,0
6033601;1069718;2017-08-12 00:00;0;9805400;6640;4579400;2654500;2570800;198,2;-1172;2302;-860;410,2;236;464;415;134;
serial-number;device-identification;created;value-data-count;energy,Wh,inst-value,0,0,0;manufacturer-specific-ff-04,,inst-value,0,0,0;energy,Wh,inst-value,0,1,0;energy,Wh,inst-value,0,2,0;energy,Wh,inst-value,0,3,0;power,W,inst-value,0,0,0;manufacturer-specific-ff-01,,inst-value,0,0,0;manufacturer-specific-ff-07,,inst-value,0,0,0;manufacturer-specific-ff-02,,inst-value,0,0,0;voltage,V,inst-value,0,4,0;voltage,V,inst-value,0,0,0;manufacturer-specific-ff-12,,inst-value,0,1,0;manufacturer-specific-ff-13,,inst-value,0,2,0;manufacturer-specific-ff-14,,inst-value,0,3,0;manufacturer-specific,,inst-value,0,0,0
6033601;1069745;2017-08-12 00:00;0;10299900;11207;3187000;2379100;4733500;325,3;544;3298;986;410,1;235,8;751;93;665;
serial-number;device-identification;created;value-data-count;energy,Wh,inst-value,0,0,0;manufacturer-specific-ff-04,,inst-value,0,0,0;energy,Wh,inst-value,0,1,0;energy,Wh,inst-value,0,2,0;energy,Wh,inst-value,0,3,0;power,W,inst-value,0,0,0;manufacturer-specific-ff-01,,inst-value,0,0,0;manufacturer-specific-ff-07,,inst-value,0,0,0;manufacturer-specific-ff-02,,inst-value,0,0,0;voltage,V,inst-value,0,4,0;voltage,V,inst-value,0,0,0;manufacturer-specific-ff-12,,inst-value,0,1,0;manufacturer-specific-ff-13,,inst-value,0,2,0;manufacturer-specific-ff-14,,inst-value,0,3,0;manufacturer-specific,,inst-value,0,0,0
6033601;1069827;2017-08-12 00:00;0;203972700;2604;82414800;64016500;57540200;6790;-29593;74068;-916;409,8;236,3;11900;9900;9550;
serial-number;device-identification;created;value-data-count;energy,Wh,inst-value,0,0,0;manufacturer-specific-ff-04,,inst-value,0,0,0;energy,Wh,inst-value,0,1,0;energy,Wh,inst-value,0,2,0;energy,Wh,inst-value,0,3,0;power,W,inst-value,0,0,0;manufacturer-specific-ff-01,,inst-value,0,0,0;manufacturer-specific-ff-07,,inst-value,0,0,0;manufacturer-specific-ff-02,,inst-value,0,0,0;voltage,V,inst-value,0,4,0;voltage,V,inst-value,0,0,0;manufacturer-specific-ff-12,,inst-value,0,1,0;manufacturer-specific-ff-13,,inst-value,0,2,0;manufacturer-specific-ff-14,,inst-value,0,3,0;manufacturer-specific,,inst-value,0,0,0
6033601;1069839;2017-08-12 00:00;0;9953200;11538;2065600;3258900;4628500;183,1;-2019;2725;-671;410;235,9;209;297;825;
serial-number;device-identification;created;value-data-count;energy,Wh,inst-value,0,0,0;manufacturer-specific-ff-04,,inst-value,0,0,0;energy,Wh,inst-value,0,1,0;energy,Wh,inst-value,0,2,0;energy,Wh,inst-value,0,3,0;power,W,inst-value,0,0,0;manufacturer-specific-ff-01,,inst-value,0,0,0;manufacturer-specific-ff-07,,inst-value,0,0,0;manufacturer-specific-ff-02,,inst-value,0,0,0;voltage,V,inst-value,0,4,0;voltage,V,inst-value,0,0,0;manufacturer-specific-ff-12,,inst-value,0,1,0;manufacturer-specific-ff-13,,inst-value,0,2,0;manufacturer-specific-ff-14,,inst-value,0,3,0;manufacturer-specific,,inst-value,0,0,0
6033601;1069852;2017-08-12 00:00;0;3513700;4356;487400;1103700;1922000;89,7;-108;903;-993;410,1;236,1;0;163;375;
serial-number;device-identification;created;value-data-count;energy,Wh,inst-value,0,0,0;manufacturer-specific-ff-04,,inst-value,0,0,0;energy,Wh,inst-value,0,1,0;energy,Wh,inst-value,0,2,0;energy,Wh,inst-value,0,3,0;power,W,inst-value,0,0,0;manufacturer-specific-ff-01,,inst-value,0,0,0;manufacturer-specific-ff-07,,inst-value,0,0,0;manufacturer-specific-ff-02,,inst-value,0,0,0;voltage,V,inst-value,0,4,0;voltage,V,inst-value,0,0,0;manufacturer-specific-ff-12,,inst-value,0,1,0;manufacturer-specific-ff-13,,inst-value,0,2,0;manufacturer-specific-ff-14,,inst-value,0,3,0;manufacturer-specific,,inst-value,0,0,0
6033601;1069865;2017-08-12 00:00;0;11948100;24223;4164200;3597600;4185600;1396,9;2432;14179;985;410,8;236,5;1175;4123;708;
serial-number;device-identification;created;value-data-count;energy,Wh,inst-value,0,0,0;manufacturer-specific-ff-04,,inst-value,0,0,0;energy,Wh,inst-value,0,1,0;energy,Wh,inst-value,0,2,0;energy,Wh,inst-value,0,3,0;power,W,inst-value,0,0,0;manufacturer-specific-ff-01,,inst-value,0,0,0;manufacturer-specific-ff-07,,inst-value,0,0,0;manufacturer-specific-ff-02,,inst-value,0,0,0;voltage,V,inst-value,0,4,0;voltage,V,inst-value,0,0,0;manufacturer-specific-ff-12,,inst-value,0,1,0;manufacturer-specific-ff-13,,inst-value,0,2,0;manufacturer-specific-ff-14,,inst-value,0,3,0;manufacturer-specific,,inst-value,0,0,0
6033601;1069884;2017-08-12 00:00;0;8528800;8520;1181900;2776100;4570600;59,6;-1715;1815;-328;410,1;236,1;99;190;498;
serial-number;device-identification;created;value-data-count;energy,Wh,inst-value,0,0,0;manufacturer-specific-ff-04,,inst-value,0,0,0;energy,Wh,inst-value,0,1,0;energy,Wh,inst-value,0,2,0;energy,Wh,inst-value,0,3,0;power,W,inst-value,0,0,0;manufacturer-specific-ff-01,,inst-value,0,0,0;manufacturer-specific-ff-07,,inst-value,0,0,0;manufacturer-specific-ff-02,,inst-value,0,0,0;voltage,V,inst-value,0,4,0;voltage,V,inst-value,0,0,0;manufacturer-specific-ff-12,,inst-value,0,1,0;manufacturer-specific-ff-13,,inst-value,0,2,0;manufacturer-specific-ff-14,,inst-value,0,3,0;manufacturer-specific,,inst-value,0,0,0
6033601;1069893;2017-08-12 00:00;0;6559400;7084;1618700;3064200;1876100;114,1;-288;1176;-970;410,4;236,2;77;449;230;
serial-number;device-identification;created;value-data-count;energy,Wh,inst-value,0,0,0;manufacturer-specific-ff-04,,inst-value,0,0,0;energy,Wh,inst-value,0,1,0;energy,Wh,inst-value,0,2,0;energy,Wh,inst-value,0,3,0;power,W,inst-value,0,0,0;manufacturer-specific-ff-01,,inst-value,0,0,0;manufacturer-specific-ff-07,,inst-value,0,0,0;manufacturer-specific-ff-02,,inst-value,0,0,0;voltage,V,inst-value,0,4,0;voltage,V,inst-value,0,0,0;manufacturer-specific-ff-12,,inst-value,0,1,0;manufacturer-specific-ff-13,,inst-value,0,2,0;manufacturer-specific-ff-14,,inst-value,0,3,0;manufacturer-specific,,inst-value,0,0,0
6033601;1069902;2017-08-12 00:00;0;8561000;6013;3291100;2859300;2410200;36,4;-1115;1172;-310;410,1;236,2;205;172;131;
serial-number;device-identification;created;value-data-count;energy,Wh,inst-value,0,0,0;manufacturer-specific-ff-04,,inst-value,0,0,0;energy,Wh,inst-value,0,1,0;energy,Wh,inst-value,0,2,0;energy,Wh,inst-value,0,3,0;power,W,inst-value,0,0,0;manufacturer-specific-ff-01,,inst-value,0,0,0;manufacturer-specific-ff-07,,inst-value,0,0,0;manufacturer-specific-ff-02,,inst-value,0,0,0;voltage,V,inst-value,0,4,0;voltage,V,inst-value,0,0,0;manufacturer-specific-ff-12,,inst-value,0,1,0;manufacturer-specific-ff-13,,inst-value,0,2,0;manufacturer-specific-ff-14,,inst-value,0,3,0;manufacturer-specific,,inst-value,0,0,0
6033601;1069922;2017-08-12 00:00;0;4176600;1983;964500;778500;2433200;38,5;-1451;1501;-256;409,5;236;376;262;0;
serial-number;device-identification;created;value-data-count;energy,Wh,inst-value,0,0,0;manufacturer-specific-ff-04,,inst-value,0,0,0;energy,Wh,inst-value,0,1,0;energy,Wh,inst-value,0,2,0;energy,Wh,inst-value,0,3,0;power,W,inst-value,0,0,0;manufacturer-specific-ff-01,,inst-value,0,0,0;manufacturer-specific-ff-07,,inst-value,0,0,0;manufacturer-specific-ff-02,,inst-value,0,0,0;voltage,V,inst-value,0,4,0;voltage,V,inst-value,0,0,0;manufacturer-specific-ff-12,,inst-value,0,1,0;manufacturer-specific-ff-13,,inst-value,0,2,0;manufacturer-specific-ff-14,,inst-value,0,3,0;manufacturer-specific,,inst-value,0,0,0
6033601;1069937;2017-08-12 00:00;0;8353200;10697;2202100;2240300;3910300;197,7;1531;2500;790;410,5;236;503;331;268;
serial-number;device-identification;created;value-data-count;energy,Wh,inst-value,0,0,0;manufacturer-specific-ff-04,,inst-value,0,0,0;energy,Wh,inst-value,0,1,0;energy,Wh,inst-value,0,2,0;energy,Wh,inst-value,0,3,0;power,W,inst-value,0,0,0;manufacturer-specific-ff-01,,inst-value,0,0,0;manufacturer-specific-ff-07,,inst-value,0,0,0;manufacturer-specific-ff-02,,inst-value,0,0,0;voltage,V,inst-value,0,4,0;voltage,V,inst-value,0,0,0;manufacturer-specific-ff-12,,inst-value,0,1,0;manufacturer-specific-ff-13,,inst-value,0,2,0;manufacturer-specific-ff-14,,inst-value,0,3,0;manufacturer-specific,,inst-value,0,0,0
6033601;1069972;2017-08-12 00:00;0;7528500;8370;2549600;2358000;2620400;37;-115;387;-956;411;236,4;129;251;214;
serial-number;device-identification;created;value-data-count;energy,Wh,inst-value,0,0,0;manufacturer-specific-ff-04,,inst-value,0,0,0;energy,Wh,inst-value,0,1,0;energy,Wh,inst-value,0,2,0;energy,Wh,inst-value,0,3,0;power,W,inst-value,0,0,0;manufacturer-specific-ff-01,,inst-value,0,0,0;manufacturer-specific-ff-07,,inst-value,0,0,0;manufacturer-specific-ff-02,,inst-value,0,0,0;voltage,V,inst-value,0,4,0;voltage,V,inst-value,0,0,0;manufacturer-specific-ff-12,,inst-value,0,1,0;manufacturer-specific-ff-13,,inst-value,0,2,0;manufacturer-specific-ff-14,,inst-value,0,3,0;manufacturer-specific,,inst-value,0,0,0
6033601;1070020;2017-08-12 00:00;0;6165200;8250;1527400;1845300;2792200;17,3;-981;996;-173;410,4;236,3;86;164;176;
serial-number;device-identification;created;value-data-count;energy,Wh,inst-value,0,0,0;manufacturer-specific-ff-04,,inst-value,0,0,0;energy,Wh,inst-value,0,1,0;energy,Wh,inst-value,0,2,0;energy,Wh,inst-value,0,3,0;power,W,inst-value,0,0,0;manufacturer-specific-ff-01,,inst-value,0,0,0;manufacturer-specific-ff-07,,inst-value,0,0,0;manufacturer-specific-ff-02,,inst-value,0,0,0;voltage,V,inst-value,0,4,0;voltage,V,inst-value,0,0,0;manufacturer-specific-ff-12,,inst-value,0,1,0;manufacturer-specific-ff-13,,inst-value,0,2,0;manufacturer-specific-ff-14,,inst-value,0,3,0;manufacturer-specific,,inst-value,0,0,0
6033601;1070028;2017-08-12 00:00;0;6639400;7339;1560200;1035800;4043100;47,2;-1208;1296;-364;411;236,4;94;261;196;
serial-number;device-identification;created;value-data-count;energy,Wh,inst-value,0,0,0;manufacturer-specific-ff-04,,inst-value,0,0,0;energy,Wh,inst-value,0,1,0;energy,Wh,inst-value,0,2,0;energy,Wh,inst-value,0,3,0;power,W,inst-value,0,0,0;manufacturer-specific-ff-01,,inst-value,0,0,0;manufacturer-specific-ff-07,,inst-value,0,0,0;manufacturer-specific-ff-02,,inst-value,0,0,0;voltage,V,inst-value,0,4,0;voltage,V,inst-value,0,0,0;manufacturer-specific-ff-12,,inst-value,0,1,0;manufacturer-specific-ff-13,,inst-value,0,2,0;manufacturer-specific-ff-14,,inst-value,0,3,0;manufacturer-specific,,inst-value,0,0,0
6033601;1070038;2017-08-12 00:00;0;5102300;3538;807000;1451500;2843400;82,4;-653;1051;-784;410,4;236,2;202;155;351;
serial-number;device-identification;created;value-data-count;energy,Wh,inst-value,0,0,0;manufacturer-specific-ff-04,,inst-value,0,0,0;energy,Wh,inst-value,0,1,0;energy,Wh,inst-value,0,2,0;energy,Wh,inst-value,0,3,0;power,W,inst-value,0,0,0;manufacturer-specific-ff-01,,inst-value,0,0,0;manufacturer-specific-ff-07,,inst-value,0,0,0;manufacturer-specific-ff-02,,inst-value,0,0,0;voltage,V,inst-value,0,4,0;voltage,V,inst-value,0,0,0;manufacturer-specific-ff-12,,inst-value,0,1,0;manufacturer-specific-ff-13,,inst-value,0,2,0;manufacturer-specific-ff-14,,inst-value,0,3,0;manufacturer-specific,,inst-value,0,0,0
6033601;1070048;2017-08-12 00:00;0;6703700;9389;2080200;1981000;2642000;19,2;-78;207;-927;410,9;236,4;89;129;96;
serial-number;device-identification;created;value-data-count;energy,Wh,inst-value,0,0,0;manufacturer-specific-ff-04,,inst-value,0,0,0;energy,Wh,inst-value,0,1,0;energy,Wh,inst-value,0,2,0;energy,Wh,inst-value,0,3,0;power,W,inst-value,0,0,0;manufacturer-specific-ff-01,,inst-value,0,0,0;manufacturer-specific-ff-07,,inst-value,0,0,0;manufacturer-specific-ff-02,,inst-value,0,0,0;voltage,V,inst-value,0,4,0;voltage,V,inst-value,0,0,0;manufacturer-specific-ff-12,,inst-value,0,1,0;manufacturer-specific-ff-13,,inst-value,0,2,0;manufacturer-specific-ff-14,,inst-value,0,3,0;manufacturer-specific,,inst-value,0,0,0
6033601;1070049;2017-08-12 00:00;0;4120300;4416;879800;1336500;1902600;83,1;-310;886;-937;411,7;236,5;74;173;323;
serial-number;device-identification;created;value-data-count;energy,Wh,inst-value,0,0,0;manufacturer-specific-ff-04,,inst-value,0,0,0;energy,Wh,inst-value,0,1,0;energy,Wh,inst-value,0,2,0;energy,Wh,inst-value,0,3,0;power,W,inst-value,0,0,0;manufacturer-specific-ff-01,,inst-value,0,0,0;manufacturer-specific-ff-07,,inst-value,0,0,0;manufacturer-specific-ff-02,,inst-value,0,0,0;voltage,V,inst-value,0,4,0;voltage,V,inst-value,0,0,0;manufacturer-specific-ff-12,,inst-value,0,1,0;manufacturer-specific-ff-13,,inst-value,0,2,0;manufacturer-specific-ff-14,,inst-value,0,3,0;manufacturer-specific,,inst-value,0,0,0
6033601;1070054;2017-08-12 00:00;0;6717700;5191;1522400;1492000;3702100;48,2;-1544;1617;-298;410,7;236,3;282;261;142;
serial-number;device-identification;created;value-data-count;energy,Wh,inst-value,0,0,0;manufacturer-specific-ff-04,,inst-value,0,0,0;energy,Wh,inst-value,0,1,0;energy,Wh,inst-value,0,2,0;energy,Wh,inst-value,0,3,0;power,W,inst-value,0,0,0;manufacturer-specific-ff-01,,inst-value,0,0,0;manufacturer-specific-ff-07,,inst-value,0,0,0;manufacturer-specific-ff-02,,inst-value,0,0,0;voltage,V,inst-value,0,4,0;voltage,V,inst-value,0,0,0;manufacturer-specific-ff-12,,inst-value,0,1,0;manufacturer-specific-ff-13,,inst-value,0,2,0;manufacturer-specific-ff-14,,inst-value,0,3,0;manufacturer-specific,,inst-value,0,0,0
6033601;1070060;2017-08-12 00:00;0;2546300;4116;500800;742100;1303000;91,3;-369;984;-927;409,8;236;54;168;329;
serial-number;device-identification;created;value-data-count;energy,Wh,inst-value,0,0,0;manufacturer-specific-ff-04,,inst-value,0,0,0;energy,Wh,inst-value,0,1,0;energy,Wh,inst-value,0,2,0;energy,Wh,inst-value,0,3,0;power,W,inst-value,0,0,0;manufacturer-specific-ff-01,,inst-value,0,0,0;manufacturer-specific-ff-07,,inst-value,0,0,0;manufacturer-specific-ff-02,,inst-value,0,0,0;voltage,V,inst-value,0,4,0;voltage,V,inst-value,0,0,0;manufacturer-specific-ff-12,,inst-value,0,1,0;manufacturer-specific-ff-13,,inst-value,0,2,0;manufacturer-specific-ff-14,,inst-value,0,3,0;manufacturer-specific,,inst-value,0,0,0
6033601;1070061;2017-08-12 00:00;0;10133500;9464;2626900;2102800;5403300;47,3;-1510;1582;-298;409,9;236;192;331;154;
serial-number;device-identification;created;value-data-count;energy,Wh,inst-value,0,0,0;manufacturer-specific-ff-04,,inst-value,0,0,0;energy,Wh,inst-value,0,1,0;energy,Wh,inst-value,0,2,0;energy,Wh,inst-value,0,3,0;power,W,inst-value,0,0,0;manufacturer-specific-ff-01,,inst-value,0,0,0;manufacturer-specific-ff-07,,inst-value,0,0,0;manufacturer-specific-ff-02,,inst-value,0,0,0;voltage,V,inst-value,0,4,0;voltage,V,inst-value,0,0,0;manufacturer-specific-ff-12,,inst-value,0,1,0;manufacturer-specific-ff-13,,inst-value,0,2,0;manufacturer-specific-ff-14,,inst-value,0,3,0;manufacturer-specific,,inst-value,0,0,0
6033601;1070072;2017-08-12 00:00;0;16208500;14327;5645900;3470700;7091600;279,5;-1010;2971;-940;410;236,1;380;674;356;
serial-number;device-identification;created;value-data-count;energy,Wh,inst-value,0,0,0;manufacturer-specific-ff-04,,inst-value,0,0,0;energy,Wh,inst-value,0,1,0;energy,Wh,inst-value,0,2,0;energy,Wh,inst-value,0,3,0;power,W,inst-value,0,0,0;manufacturer-specific-ff-01,,inst-value,0,0,0;manufacturer-specific-ff-07,,inst-value,0,0,0;manufacturer-specific-ff-02,,inst-value,0,0,0;voltage,V,inst-value,0,4,0;voltage,V,inst-value,0,0,0;manufacturer-specific-ff-12,,inst-value,0,1,0;manufacturer-specific-ff-13,,inst-value,0,2,0;manufacturer-specific-ff-14,,inst-value,0,3,0;manufacturer-specific,,inst-value,0,0,0
6033601;1070081;2017-08-12 00:00;0;12129800;7859;3067100;2108500;6953500;527,4;-577;5305;-994;410,1;236,1;203;301;1966;
serial-number;device-identification;created;value-data-count;energy,Wh,inst-value,0,0,0;manufacturer-specific-ff-04,,inst-value,0,0,0;energy,Wh,inst-value,0,1,0;energy,Wh,inst-value,0,2,0;energy,Wh,inst-value,0,3,0;power,W,inst-value,0,0,0;manufacturer-specific-ff-01,,inst-value,0,0,0;manufacturer-specific-ff-07,,inst-value,0,0,0;manufacturer-specific-ff-02,,inst-value,0,0,0;voltage,V,inst-value,0,4,0;voltage,V,inst-value,0,0,0;manufacturer-specific-ff-12,,inst-value,0,1,0;manufacturer-specific-ff-13,,inst-value,0,2,0;manufacturer-specific-ff-14,,inst-value,0,3,0;manufacturer-specific,,inst-value,0,0,0
6033601;1070109;2017-08-12 00:00;0;8467400;11922;2555800;2090200;3821200;113,1;-1152;1614;-700;411;236,5;102;143;504;
serial-number;device-identification;created;value-data-count;energy,Wh,inst-value,0,0,0;manufacturer-specific-ff-04,,inst-value,0,0,0;energy,Wh,inst-value,0,1,0;energy,Wh,inst-value,0,2,0;energy,Wh,inst-value,0,3,0;power,W,inst-value,0,0,0;manufacturer-specific-ff-01,,inst-value,0,0,0;manufacturer-specific-ff-07,,inst-value,0,0,0;manufacturer-specific-ff-02,,inst-value,0,0,0;voltage,V,inst-value,0,4,0;voltage,V,inst-value,0,0,0;manufacturer-specific-ff-12,,inst-value,0,1,0;manufacturer-specific-ff-13,,inst-value,0,2,0;manufacturer-specific-ff-14,,inst-value,0,3,0;manufacturer-specific,,inst-value,0,0,0
6033601;1070112;2017-08-12 00:00;0;8304000;3874;964600;4948400;2390700;157,1;-1826;2408;-652;410,1;236,1;352;487;227;
serial-number;device-identification;created;value-data-count;energy,Wh,inst-value,0,0,0;manufacturer-specific-ff-04,,inst-value,0,0,0;energy,Wh,inst-value,0,1,0;energy,Wh,inst-value,0,2,0;energy,Wh,inst-value,0,3,0;power,W,inst-value,0,0,0;manufacturer-specific-ff-01,,inst-value,0,0,0;manufacturer-specific-ff-07,,inst-value,0,0,0;manufacturer-specific-ff-02,,inst-value,0,0,0;voltage,V,inst-value,0,4,0;voltage,V,inst-value,0,0,0;manufacturer-specific-ff-12,,inst-value,0,1,0;manufacturer-specific-ff-13,,inst-value,0,2,0;manufacturer-specific-ff-14,,inst-value,0,3,0;manufacturer-specific,,inst-value,0,0,0
6033601;1070120;2017-08-12 00:00;0;5072900;12051;823200;816800;3432500;44,2;-1033;1123;-393;409,7;236,1;59;123;313;
serial-number;device-identification;created;value-data-count;energy,Wh,inst-value,0,0,0;manufacturer-specific-ff-04,,inst-value,0,0,0;energy,Wh,inst-value,0,1,0;energy,Wh,inst-value,0,2,0;energy,Wh,inst-value,0,3,0;power,W,inst-value,0,0,0;manufacturer-specific-ff-01,,inst-value,0,0,0;manufacturer-specific-ff-07,,inst-value,0,0,0;manufacturer-specific-ff-02,,inst-value,0,0,0;voltage,V,inst-value,0,4,0;voltage,V,inst-value,0,0,0;manufacturer-specific-ff-12,,inst-value,0,1,0;manufacturer-specific-ff-13,,inst-value,0,2,0;manufacturer-specific-ff-14,,inst-value,0,3,0;manufacturer-specific,,inst-value,0,0,0
6033601;1070128;2017-08-12 00:00;0;4337100;4720;1085200;1052500;2199000;25,4;-667;713;-356;410,3;236,4;51;134;126;
serial-number;device-identification;created;value-data-count;energy,Wh,inst-value,0,0,0;manufacturer-specific-ff-04,,inst-value,0,0,0;energy,Wh,inst-value,0,1,0;energy,Wh,inst-value,0,2,0;energy,Wh,inst-value,0,3,0;power,W,inst-value,0,0,0;manufacturer-specific-ff-01,,inst-value,0,0,0;manufacturer-specific-ff-07,,inst-value,0,0,0;manufacturer-specific-ff-02,,inst-value,0,0,0;voltage,V,inst-value,0,4,0;voltage,V,inst-value,0,0,0;manufacturer-specific-ff-12,,inst-value,0,1,0;manufacturer-specific-ff-13,,inst-value,0,2,0;manufacturer-specific-ff-14,,inst-value,0,3,0;manufacturer-specific,,inst-value,0,0,0
6033601;1070129;2017-08-12 00:00;0;1884500;6792;221100;283200;1379900;16,2;-266;311;-520;410,7;236,2;220;220;127;
serial-number;device-identification;created;value-data-count;energy,Wh,inst-value,0,0,0;manufacturer-specific-ff-04,,inst-value,0,0,0;energy,Wh,inst-value,0,1,0;energy,Wh,inst-value,0,2,0;energy,Wh,inst-value,0,3,0;power,W,inst-value,0,0,0;manufacturer-specific-ff-01,,inst-value,0,0,0;manufacturer-specific-ff-07,,inst-value,0,0,0;manufacturer-specific-ff-02,,inst-value,0,0,0;voltage,V,inst-value,0,4,0;voltage,V,inst-value,0,0,0;manufacturer-specific-ff-12,,inst-value,0,1,0;manufacturer-specific-ff-13,,inst-value,0,2,0;manufacturer-specific-ff-14,,inst-value,0,3,0;manufacturer-specific,,inst-value,0,0,0
6033601;1070140;2017-08-12 00:00;0;9455500;13644;2376300;2524600;4554200;33;-1047;1097;-300;410,3;236,1;43;139;299;
serial-number;device-identification;created;value-data-count;energy,Wh,inst-value,0,0,0;manufacturer-specific-ff-04,,inst-value,0,0,0;energy,Wh,inst-value,0,1,0;energy,Wh,inst-value,0,2,0;energy,Wh,inst-value,0,3,0;power,W,inst-value,0,0,0;manufacturer-specific-ff-01,,inst-value,0,0,0;manufacturer-specific-ff-07,,inst-value,0,0,0;manufacturer-specific-ff-02,,inst-value,0,0,0;voltage,V,inst-value,0,4,0;voltage,V,inst-value,0,0,0;manufacturer-specific-ff-12,,inst-value,0,1,0;manufacturer-specific-ff-13,,inst-value,0,2,0;manufacturer-specific-ff-14,,inst-value,0,3,0;manufacturer-specific,,inst-value,0,0,0
6033601;1070161;2017-08-12 00:00;0;18130200;10398;2603300;4873700;10652000;477;-50;4770;1000;409,8;236;87;147;2016;
serial-number;device-identification;created;value-data-count;energy,Wh,inst-value,0,0,0;manufacturer-specific-ff-04,,inst-value,0,0,0;energy,Wh,inst-value,0,1,0;energy,Wh,inst-value,0,2,0;energy,Wh,inst-value,0,3,0;power,W,inst-value,0,0,0;manufacturer-specific-ff-01,,inst-value,0,0,0;manufacturer-specific-ff-07,,inst-value,0,0,0;manufacturer-specific-ff-02,,inst-value,0,0,0;voltage,V,inst-value,0,4,0;voltage,V,inst-value,0,0,0;manufacturer-specific-ff-12,,inst-value,0,1,0;manufacturer-specific-ff-13,,inst-value,0,2,0;manufacturer-specific-ff-14,,inst-value,0,3,0;manufacturer-specific,,inst-value,0,0,0
6033601;1070168;2017-08-12 00:00;0;5221000;4805;866000;1269100;3085300;106,1;-927;1408;-753;410,1;236;211;275;434;
serial-number;device-identification;created;value-data-count;energy,Wh,inst-value,0,0,0;manufacturer-specific-ff-04,,inst-value,0,0,0;energy,Wh,inst-value,0,1,0;energy,Wh,inst-value,0,2,0;energy,Wh,inst-value,0,3,0;power,W,inst-value,0,0,0;manufacturer-specific-ff-01,,inst-value,0,0,0;manufacturer-specific-ff-07,,inst-value,0,0,0;manufacturer-specific-ff-02,,inst-value,0,0,0;voltage,V,inst-value,0,4,0;voltage,V,inst-value,0,0,0;manufacturer-specific-ff-12,,inst-value,0,1,0;manufacturer-specific-ff-13,,inst-value,0,2,0;manufacturer-specific-ff-14,,inst-value,0,3,0;manufacturer-specific,,inst-value,0,0,0
6033601;1070169;2017-08-12 00:00;0;6905300;10014;2312300;2284200;2308400;171,9;-1318;2166;-793;409,7;235,8;419;262;614;
serial-number;device-identification;created;value-data-count;energy,Wh,inst-value,0,0,0;manufacturer-specific-ff-04,,inst-value,0,0,0;energy,Wh,inst-value,0,1,0;energy,Wh,inst-value,0,2,0;energy,Wh,inst-value,0,3,0;power,W,inst-value,0,0,0;manufacturer-specific-ff-01,,inst-value,0,0,0;manufacturer-specific-ff-07,,inst-value,0,0,0;manufacturer-specific-ff-02,,inst-value,0,0,0;voltage,V,inst-value,0,4,0;voltage,V,inst-value,0,0,0;manufacturer-specific-ff-12,,inst-value,0,1,0;manufacturer-specific-ff-13,,inst-value,0,2,0;manufacturer-specific-ff-14,,inst-value,0,3,0;manufacturer-specific,,inst-value,0,0,0
6033601;1070175;2017-08-12 00:00;0;5661000;3116;1949500;2723200;987700;166,9;-1323;2129;-783;410,2;236;620;353;131;
serial-number;device-identification;created;value-data-count;energy,Wh,inst-value,0,0,0;manufacturer-specific-ff-04,,inst-value,0,0,0;energy,Wh,inst-value,0,1,0;energy,Wh,inst-value,0,2,0;energy,Wh,inst-value,0,3,0;power,W,inst-value,0,0,0;manufacturer-specific-ff-01,,inst-value,0,0,0;manufacturer-specific-ff-07,,inst-value,0,0,0;manufacturer-specific-ff-02,,inst-value,0,0,0;voltage,V,inst-value,0,4,0;voltage,V,inst-value,0,0,0;manufacturer-specific-ff-12,,inst-value,0,1,0;manufacturer-specific-ff-13,,inst-value,0,2,0;manufacturer-specific-ff-14,,inst-value,0,3,0;manufacturer-specific,,inst-value,0,0,0
6033601;1070189;2017-08-12 00:00;0;5480300;6332;903000;1937300;2639700;17,4;-786;805;-216;410;236;61;130;158;
serial-number;device-identification;created;value-data-count;energy,Wh,inst-value,0,0,0;manufacturer-specific-ff-04,,inst-value,0,0,0;energy,Wh,inst-value,0,1,0;energy,Wh,inst-value,0,2,0;energy,Wh,inst-value,0,3,0;power,W,inst-value,0,0,0;manufacturer-specific-ff-01,,inst-value,0,0,0;manufacturer-specific-ff-07,,inst-value,0,0,0;manufacturer-specific-ff-02,,inst-value,0,0,0;voltage,V,inst-value,0,4,0;voltage,V,inst-value,0,0,0;manufacturer-specific-ff-12,,inst-value,0,1,0;manufacturer-specific-ff-13,,inst-value,0,2,0;manufacturer-specific-ff-14,,inst-value,0,3,0;manufacturer-specific,,inst-value,0,0,0
6033601;1070204;2017-08-12 00:00;0;3760500;1427;1554200;1020800;1185100;144,1;-1204;1877;-767;410,1;236,2;329;379;362;
serial-number;device-identification;created;value-data-count;energy,Wh,inst-value,0,0,0;manufacturer-specific-ff-04,,inst-value,0,0,0;energy,Wh,inst-value,0,1,0;energy,Wh,inst-value,0,2,0;energy,Wh,inst-value,0,3,0;power,W,inst-value,0,0,0;manufacturer-specific-ff-01,,inst-value,0,0,0;manufacturer-specific-ff-07,,inst-value,0,0,0;manufacturer-specific-ff-02,,inst-value,0,0,0;voltage,V,inst-value,0,4,0;voltage,V,inst-value,0,0,0;manufacturer-specific-ff-12,,inst-value,0,1,0;manufacturer-specific-ff-13,,inst-value,0,2,0;manufacturer-specific-ff-14,,inst-value,0,3,0;manufacturer-specific,,inst-value,0,0,0
6033601;1070205;2017-08-12 00:00;0;7264300;8517;2301900;2493900;2468400;104;-574;1187;-876;410,4;236,1;120;206;352;
serial-number;device-identification;created;value-data-count;energy,Wh,inst-value,0,0,0;manufacturer-specific-ff-04,,inst-value,0,0,0;energy,Wh,inst-value,0,1,0;energy,Wh,inst-value,0,2,0;energy,Wh,inst-value,0,3,0;power,W,inst-value,0,0,0;manufacturer-specific-ff-01,,inst-value,0,0,0;manufacturer-specific-ff-07,,inst-value,0,0,0;manufacturer-specific-ff-02,,inst-value,0,0,0;voltage,V,inst-value,0,4,0;voltage,V,inst-value,0,0,0;manufacturer-specific-ff-12,,inst-value,0,1,0;manufacturer-specific-ff-13,,inst-value,0,2,0;manufacturer-specific-ff-14,,inst-value,0,3,0;manufacturer-specific,,inst-value,0,0,0
6033601;1070218;2017-08-12 00:00;0;8217300;9688;1749100;4060000;2407800;339,7;-1570;3742;-907;410,3;236,4;81;1071;678;
serial-number;device-identification;created;value-data-count;energy,Wh,inst-value,0,0,0;manufacturer-specific-ff-04,,inst-value,0,0,0;energy,Wh,inst-value,0,1,0;energy,Wh,inst-value,0,2,0;energy,Wh,inst-value,0,3,0;power,W,inst-value,0,0,0;manufacturer-specific-ff-01,,inst-value,0,0,0;manufacturer-specific-ff-07,,inst-value,0,0,0;manufacturer-specific-ff-02,,inst-value,0,0,0;voltage,V,inst-value,0,4,0;voltage,V,inst-value,0,0,0;manufacturer-specific-ff-12,,inst-value,0,1,0;manufacturer-specific-ff-13,,inst-value,0,2,0;manufacturer-specific-ff-14,,inst-value,0,3,0;manufacturer-specific,,inst-value,0,0,0
6033601;1070219;2017-08-12 00:00;0;16103600;4499;4678200;2407000;9018100;272,6;-2367;3610;-755;410,6;236,3;360;219;1350;
serial-number;device-identification;created;value-data-count;energy,Wh,inst-value,0,0,0;manufacturer-specific-ff-04,,inst-value,0,0,0;energy,Wh,inst-value,0,1,0;energy,Wh,inst-value,0,2,0;energy,Wh,inst-value,0,3,0;power,W,inst-value,0,0,0;manufacturer-specific-ff-01,,inst-value,0,0,0;manufacturer-specific-ff-07,,inst-value,0,0,0;manufacturer-specific-ff-02,,inst-value,0,0,0;voltage,V,inst-value,0,4,0;voltage,V,inst-value,0,0,0;manufacturer-specific-ff-12,,inst-value,0,1,0;manufacturer-specific-ff-13,,inst-value,0,2,0;manufacturer-specific-ff-14,,inst-value,0,3,0;manufacturer-specific,,inst-value,0,0,0
6033601;1070232;2017-08-12 00:00;0;10768400;17466;2442700;3330900;4994400;181,5;-1084;2114;-858;410,8;236,5;93;381;444;
serial-number;device-identification;created;value-data-count;energy,Wh,inst-value,0,0,0;manufacturer-specific-ff-04,,inst-value,0,0,0;energy,Wh,inst-value,0,1,0;energy,Wh,inst-value,0,2,0;energy,Wh,inst-value,0,3,0;power,W,inst-value,0,0,0;manufacturer-specific-ff-01,,inst-value,0,0,0;manufacturer-specific-ff-07,,inst-value,0,0,0;manufacturer-specific-ff-02,,inst-value,0,0,0;voltage,V,inst-value,0,4,0;voltage,V,inst-value,0,0,0;manufacturer-specific-ff-12,,inst-value,0,1,0;manufacturer-specific-ff-13,,inst-value,0,2,0;manufacturer-specific-ff-14,,inst-value,0,3,0;manufacturer-specific,,inst-value,0,0,0
6033601;1070233;2017-08-12 00:00;0;3294500;2549;274800;1144500;1874800;10,2;-319;334;-305;410,9;236,4;184;283;40;
serial-number;device-identification;created;value-data-count;energy,Wh,inst-value,0,0,0;manufacturer-specific-ff-04,,inst-value,0,0,0;energy,Wh,inst-value,0,1,0;energy,Wh,inst-value,0,2,0;energy,Wh,inst-value,0,3,0;power,W,inst-value,0,0,0;manufacturer-specific-ff-01,,inst-value,0,0,0;manufacturer-specific-ff-07,,inst-value,0,0,0;manufacturer-specific-ff-02,,inst-value,0,0,0;voltage,V,inst-value,0,4,0;voltage,V,inst-value,0,0,0;manufacturer-specific-ff-12,,inst-value,0,1,0;manufacturer-specific-ff-13,,inst-value,0,2,0;manufacturer-specific-ff-14,,inst-value,0,3,0;manufacturer-specific,,inst-value,0,0,0
6033601;1070255;2017-08-12 00:00;0;14720400;3537;5372100;3930900;5416700;18;-740;761;-236;410,7;236,4;160;162;0;
serial-number;device-identification;created;value-data-count;energy,Wh,inst-value,0,0,0;manufacturer-specific-ff-04,,inst-value,0,0,0;energy,Wh,inst-value,0,1,0;energy,Wh,inst-value,0,2,0;energy,Wh,inst-value,0,3,0;power,W,inst-value,0,0,0;manufacturer-specific-ff-01,,inst-value,0,0,0;manufacturer-specific-ff-07,,inst-value,0,0,0;manufacturer-specific-ff-02,,inst-value,0,0,0;voltage,V,inst-value,0,4,0;voltage,V,inst-value,0,0,0;manufacturer-specific-ff-12,,inst-value,0,1,0;manufacturer-specific-ff-13,,inst-value,0,2,0;manufacturer-specific-ff-14,,inst-value,0,3,0;manufacturer-specific,,inst-value,0,0,0
6033601;1070264;2017-08-12 00:00;0;8086400;8951;4216000;1924800;1945300;249,5;-1680;3007;-829;410,3;236,3;1218;113;133;
serial-number;device-identification;created;value-data-count;energy,Wh,inst-value,0,0,0;manufacturer-specific-ff-04,,inst-value,0,0,0;energy,Wh,inst-value,0,1,0;energy,Wh,inst-value,0,2,0;energy,Wh,inst-value,0,3,0;power,W,inst-value,0,0,0;manufacturer-specific-ff-01,,inst-value,0,0,0;manufacturer-specific-ff-07,,inst-value,0,0,0;manufacturer-specific-ff-02,,inst-value,0,0,0;voltage,V,inst-value,0,4,0;voltage,V,inst-value,0,0,0;manufacturer-specific-ff-12,,inst-value,0,1,0;manufacturer-specific-ff-13,,inst-value,0,2,0;manufacturer-specific-ff-14,,inst-value,0,3,0;manufacturer-specific,,inst-value,0,0,0
6033601;1070274;2017-08-12 00:00;0;4717200;5010;1289700;2819300;607000;117,7;-335;1223;-962;411,3;236,7;204;348;83;
serial-number;device-identification;created;value-data-count;energy,Wh,inst-value,0,0,0;manufacturer-specific-ff-04,,inst-value,0,0,0;energy,Wh,inst-value,0,1,0;energy,Wh,inst-value,0,2,0;energy,Wh,inst-value,0,3,0;power,W,inst-value,0,0,0;manufacturer-specific-ff-01,,inst-value,0,0,0;manufacturer-specific-ff-07,,inst-value,0,0,0;manufacturer-specific-ff-02,,inst-value,0,0,0;voltage,V,inst-value,0,4,0;voltage,V,inst-value,0,0,0;manufacturer-specific-ff-12,,inst-value,0,1,0;manufacturer-specific-ff-13,,inst-value,0,2,0;manufacturer-specific-ff-14,,inst-value,0,3,0;manufacturer-specific,,inst-value,0,0,0
6033601;1070275;2017-08-12 00:00;0;7006300;7649;861600;2131800;4012500;32,3;-1181;1224;-263;411;236,8;100;263;177;
serial-number;device-identification;created;value-data-count;energy,Wh,inst-value,0,0,0;manufacturer-specific-ff-04,,inst-value,0,0,0;energy,Wh,inst-value,0,1,0;energy,Wh,inst-value,0,2,0;energy,Wh,inst-value,0,3,0;power,W,inst-value,0,0,0;manufacturer-specific-ff-01,,inst-value,0,0,0;manufacturer-specific-ff-07,,inst-value,0,0,0;manufacturer-specific-ff-02,,inst-value,0,0,0;voltage,V,inst-value,0,4,0;voltage,V,inst-value,0,0,0;manufacturer-specific-ff-12,,inst-value,0,1,0;manufacturer-specific-ff-13,,inst-value,0,2,0;manufacturer-specific-ff-14,,inst-value,0,3,0;manufacturer-specific,,inst-value,0,0,0
6033601;1070284;2017-08-12 00:00;0;7367000;5125;2168000;1198200;4000400;170,2;-722;1848;-920;410,8;236,5;373;274;478;
serial-number;device-identification;created;value-data-count;energy,Wh,inst-value,0,0,0;manufacturer-specific-ff-04,,inst-value,0,0,0;energy,Wh,inst-value,0,1,0;energy,Wh,inst-value,0,2,0;energy,Wh,inst-value,0,3,0;power,W,inst-value,0,0,0;manufacturer-specific-ff-01,,inst-value,0,0,0;manufacturer-specific-ff-07,,inst-value,0,0,0;manufacturer-specific-ff-02,,inst-value,0,0,0;voltage,V,inst-value,0,4,0;voltage,V,inst-value,0,0,0;manufacturer-specific-ff-12,,inst-value,0,1,0;manufacturer-specific-ff-13,,inst-value,0,2,0;manufacturer-specific-ff-14,,inst-value,0,3,0;manufacturer-specific,,inst-value,0,0,0
6033601;1070296;2017-08-12 00:00;0;5422200;5473;1394500;1069000;2958300;132,9;-854;1579;-841;412,4;236,9;85;234;366;
serial-number;device-identification;created;value-data-count;energy,Wh,inst-value,0,0,0;manufacturer-specific-ff-04,,inst-value,0,0,0;energy,Wh,inst-value,0,1,0;energy,Wh,inst-value,0,2,0;energy,Wh,inst-value,0,3,0;power,W,inst-value,0,0,0;manufacturer-specific-ff-01,,inst-value,0,0,0;manufacturer-specific-ff-07,,inst-value,0,0,0;manufacturer-specific-ff-02,,inst-value,0,0,0;voltage,V,inst-value,0,4,0;voltage,V,inst-value,0,0,0;manufacturer-specific-ff-12,,inst-value,0,1,0;manufacturer-specific-ff-13,,inst-value,0,2,0;manufacturer-specific-ff-14,,inst-value,0,3,0;manufacturer-specific,,inst-value,0,0,0
6033601;1070308;2017-08-12 00:00;0;11043100;5910;2909600;3110100;5023000;186;-881;2058;-903;410,8;236,5;294;243;791;
serial-number;device-identification;created;value-data-count;volume,m3,inst-value,0,0,0;volume acc-of-abs-value-only-if-neg-contr,m3,inst-value,0,0,0;volume-flow,m3/h,inst-value,0,0,0;fabrication-no,,inst-value,0,0,0;customer-location,,inst-value,0,0,0;datetime,,inst-value,0,0,0;error-flags-dev-spec,,inst-value,0,0,0;datetime,,inst-value,0,0,30;volume,m3,inst-value,0,0,30;datetime,,inst-value,0,0,31;volume,m3,inst-value,0,0,31;manufacturer-specific,,inst-value,0,0,0;;;
6033601;40830055;2017-08-12 00:00;0;230,88;0,01;0;40830055;0;2017-08-12 00:19;17;2016-12-31 23:59;181,45;2015-12-31 23:59;106,09;;;;
serial-number;device-identification;created;value-data-count;volume,m3,inst-value,0,0,0;volume acc-of-abs-value-only-if-neg-contr,m3,inst-value,0,0,0;volume-flow,m3/h,inst-value,0,0,0;fabrication-no,,inst-value,0,0,0;customer-location,,inst-value,0,0,0;datetime,,inst-value,0,0,0;error-flags-dev-spec,,inst-value,0,0,0;datetime,,inst-value,0,0,30;volume,m3,inst-value,0,0,30;datetime,,inst-value,0,0,31;volume,m3,inst-value,0,0,31;manufacturer-specific,,inst-value,0,0,0;;;
6033601;40830057;2017-08-12 00:00;0;100,88;0,01;0;40830057;0;2017-08-12 00:10;17;2016-12-31 23:59;78,32;2015-12-31 23:59;42,02;;;;
serial-number;device-identification;created;value-data-count;volume,m3,inst-value,0,0,0;volume acc-of-abs-value-only-if-neg-contr,m3,inst-value,0,0,0;volume-flow,m3/h,inst-value,0,0,0;fabrication-no,,inst-value,0,0,0;customer-location,,inst-value,0,0,0;datetime,,inst-value,0,0,0;error-flags-dev-spec,,inst-value,0,0,0;datetime,,inst-value,0,0,30;volume,m3,inst-value,0,0,30;datetime,,inst-value,0,0,31;volume,m3,inst-value,0,0,31;manufacturer-specific,,inst-value,0,0,0;;;
6033601;40830059;2017-08-12 00:00;0;103,21;0,01;0;40830059;0;2017-08-12 00:16;17;2016-12-31 23:59;70,06;2015-12-31 23:59;31,44;;;;
serial-number;device-identification;created;value-data-count;volume,m3,inst-value,0,0,0;volume acc-of-abs-value-only-if-neg-contr,m3,inst-value,0,0,0;volume-flow,m3/h,inst-value,0,0,0;fabrication-no,,inst-value,0,0,0;customer-location,,inst-value,0,0,0;datetime,,inst-value,0,0,0;error-flags-dev-spec,,inst-value,0,0,0;datetime,,inst-value,0,0,30;volume,m3,inst-value,0,0,30;datetime,,inst-value,0,0,31;volume,m3,inst-value,0,0,31;manufacturer-specific,,inst-value,0,0,0;;;
6033601;40830063;2017-08-12 00:00;0;80,71;0,01;0;40830063;0;2017-08-12 00:26;17;2016-12-31 23:59;68,06;2015-12-31 23:59;29,17;;;;
serial-number;device-identification;created;value-data-count;volume,m3,inst-value,0,0,0;volume acc-of-abs-value-only-if-neg-contr,m3,inst-value,0,0,0;volume-flow,m3/h,inst-value,0,0,0;fabrication-no,,inst-value,0,0,0;customer-location,,inst-value,0,0,0;datetime,,inst-value,0,0,0;error-flags-dev-spec,,inst-value,0,0,0;datetime,,inst-value,0,0,30;volume,m3,inst-value,0,0,30;datetime,,inst-value,0,0,31;volume,m3,inst-value,0,0,31;manufacturer-specific,,inst-value,0,0,0;;;
6033601;40830064;2017-08-12 00:00;0;139,89;0,01;0;40830064;0;2017-08-12 00:07;17;2016-12-31 23:59;107,63;2015-12-31 23:59;66,35;;;;
serial-number;device-identification;created;value-data-count;volume,m3,inst-value,0,0,0;volume acc-of-abs-value-only-if-neg-contr,m3,inst-value,0,0,0;volume-flow,m3/h,inst-value,0,0,0;fabrication-no,,inst-value,0,0,0;customer-location,,inst-value,0,0,0;datetime,,inst-value,0,0,0;error-flags-dev-spec,,inst-value,0,0,0;datetime,,inst-value,0,0,30;volume,m3,inst-value,0,0,30;datetime,,inst-value,0,0,31;volume,m3,inst-value,0,0,31;manufacturer-specific,,inst-value,0,0,0;;;
6033601;40830066;2017-08-12 00:00;0;95,97;0,02;0;40830066;0;2017-08-12 00:20;17;2016-12-31 23:59;79,05;2015-12-31 23:59;45,77;;;;
serial-number;device-identification;created;value-data-count;volume,m3,inst-value,0,0,0;volume acc-of-abs-value-only-if-neg-contr,m3,inst-value,0,0,0;volume-flow,m3/h,inst-value,0,0,0;fabrication-no,,inst-value,0,0,0;customer-location,,inst-value,0,0,0;datetime,,inst-value,0,0,0;error-flags-dev-spec,,inst-value,0,0,0;datetime,,inst-value,0,0,30;volume,m3,inst-value,0,0,30;datetime,,inst-value,0,0,31;volume,m3,inst-value,0,0,31;manufacturer-specific,,inst-value,0,0,0;;;
6033601;40830167;2017-08-12 00:00;0;223,6;0;0;40830167;0;2017-08-12 00:17;17;2016-12-31 23:59;181,58;2015-12-31 23:59;104,51;;;;
serial-number;device-identification;created;value-data-count;volume,m3,inst-value,0,0,0;volume acc-of-abs-value-only-if-neg-contr,m3,inst-value,0,0,0;volume-flow,m3/h,inst-value,0,0,0;fabrication-no,,inst-value,0,0,0;customer-location,,inst-value,0,0,0;datetime,,inst-value,0,0,0;error-flags-dev-spec,,inst-value,0,0,0;datetime,,inst-value,0,0,30;volume,m3,inst-value,0,0,30;datetime,,inst-value,0,0,31;volume,m3,inst-value,0,0,31;manufacturer-specific,,inst-value,0,0,0;;;
6033601;40830168;2017-08-12 00:00;0;72,05;0,01;0;40830168;0;2017-08-12 00:17;17;2016-12-31 23:59;56,26;2015-12-31 23:59;27,98;;;;
serial-number;device-identification;created;value-data-count;volume,m3,inst-value,0,0,0;volume acc-of-abs-value-only-if-neg-contr,m3,inst-value,0,0,0;volume-flow,m3/h,inst-value,0,0,0;fabrication-no,,inst-value,0,0,0;customer-location,,inst-value,0,0,0;datetime,,inst-value,0,0,0;error-flags-dev-spec,,inst-value,0,0,0;datetime,,inst-value,0,0,30;volume,m3,inst-value,0,0,30;datetime,,inst-value,0,0,31;volume,m3,inst-value,0,0,31;manufacturer-specific,,inst-value,0,0,0;;;
6033601;40830169;2017-08-12 00:00;0;72,9;0,01;0;40830169;0;2017-08-12 00:16;17;2016-12-31 23:59;48,6;2015-12-31 23:59;16,29;;;;
serial-number;device-identification;created;value-data-count;volume,m3,inst-value,0,0,0;volume acc-of-abs-value-only-if-neg-contr,m3,inst-value,0,0,0;volume-flow,m3/h,inst-value,0,0,0;fabrication-no,,inst-value,0,0,0;customer-location,,inst-value,0,0,0;datetime,,inst-value,0,0,0;error-flags-dev-spec,,inst-value,0,0,0;datetime,,inst-value,0,0,30;volume,m3,inst-value,0,0,30;datetime,,inst-value,0,0,31;volume,m3,inst-value,0,0,31;manufacturer-specific,,inst-value,0,0,0;;;
6033601;40830172;2017-08-12 00:00;0;61;0;0;40830172;0;2017-08-12 00:00;17;2016-12-31 23:59;48,32;2015-12-31 23:59;27,46;;;;
serial-number;device-identification;created;value-data-count;volume,m3,inst-value,0,0,0;volume acc-of-abs-value-only-if-neg-contr,m3,inst-value,0,0,0;volume-flow,m3/h,inst-value,0,0,0;fabrication-no,,inst-value,0,0,0;customer-location,,inst-value,0,0,0;datetime,,inst-value,0,0,0;error-flags-dev-spec,,inst-value,0,0,0;datetime,,inst-value,0,0,30;volume,m3,inst-value,0,0,30;datetime,,inst-value,0,0,31;volume,m3,inst-value,0,0,31;manufacturer-specific,,inst-value,0,0,0;;;
6033601;40830173;2017-08-12 00:00;0;149,77;0;0;40830173;0;2017-08-12 00:17;17;2016-12-31 23:59;107,32;2015-12-31 23:59;52,39;;;;
serial-number;device-identification;created;value-data-count;volume,m3,inst-value,0,0,0;volume acc-of-abs-value-only-if-neg-contr,m3,inst-value,0,0,0;volume-flow,m3/h,inst-value,0,0,0;fabrication-no,,inst-value,0,0,0;customer-location,,inst-value,0,0,0;datetime,,inst-value,0,0,0;error-flags-dev-spec,,inst-value,0,0,0;datetime,,inst-value,0,0,30;volume,m3,inst-value,0,0,30;datetime,,inst-value,0,0,31;volume,m3,inst-value,0,0,31;manufacturer-specific,,inst-value,0,0,0;;;
6033601;40830178;2017-08-12 00:00;0;58,75;0;0;40830178;0;2017-08-12 00:03;17;2016-12-31 23:59;42,79;2015-12-31 23:59;11,72;;;;
serial-number;device-identification;created;value-data-count;volume,m3,inst-value,0,0,0;volume acc-of-abs-value-only-if-neg-contr,m3,inst-value,0,0,0;volume-flow,m3/h,inst-value,0,0,0;fabrication-no,,inst-value,0,0,0;customer-location,,inst-value,0,0,0;datetime,,inst-value,0,0,0;error-flags-dev-spec,,inst-value,0,0,0;datetime,,inst-value,0,0,30;volume,m3,inst-value,0,0,30;datetime,,inst-value,0,0,31;volume,m3,inst-value,0,0,31;manufacturer-specific,,inst-value,0,0,0;;;
6033601;40830187;2017-08-12 00:00;0;38,02;0;0;40830187;0;2017-08-11 23:56;17;2016-12-31 23:59;24,77;2015-12-31 23:59;13,19;;;;
serial-number;device-identification;created;value-data-count;volume,m3,inst-value,0,0,0;volume acc-of-abs-value-only-if-neg-contr,m3,inst-value,0,0,0;volume-flow,m3/h,inst-value,0,0,0;fabrication-no,,inst-value,0,0,0;customer-location,,inst-value,0,0,0;datetime,,inst-value,0,0,0;error-flags-dev-spec,,inst-value,0,0,0;datetime,,inst-value,0,0,30;volume,m3,inst-value,0,0,30;datetime,,inst-value,0,0,31;volume,m3,inst-value,0,0,31;manufacturer-specific,,inst-value,0,0,0;;;
6033601;40830188;2017-08-12 00:00;0;242,54;0;0;40830188;0;2017-08-11 23:58;17;2016-12-31 23:59;188,51;2015-12-31 23:59;103,89;;;;
serial-number;device-identification;created;value-data-count;volume,m3,inst-value,0,0,0;volume acc-of-abs-value-only-if-neg-contr,m3,inst-value,0,0,0;volume-flow,m3/h,inst-value,0,0,0;fabrication-no,,inst-value,0,0,0;customer-location,,inst-value,0,0,0;datetime,,inst-value,0,0,0;error-flags-dev-spec,,inst-value,0,0,0;datetime,,inst-value,0,0,30;volume,m3,inst-value,0,0,30;datetime,,inst-value,0,0,31;volume,m3,inst-value,0,0,31;manufacturer-specific,,inst-value,0,0,0;;;
6033601;40830189;2017-08-12 00:00;0;90,04;0;0;40830189;0;2017-08-11 23:55;17;2016-12-31 23:59;68,56;2015-12-31 23:59;38,44;;;;
serial-number;device-identification;created;value-data-count;volume,m3,inst-value,0,0,0;volume acc-of-abs-value-only-if-neg-contr,m3,inst-value,0,0,0;volume-flow,m3/h,inst-value,0,0,0;fabrication-no,,inst-value,0,0,0;customer-location,,inst-value,0,0,0;datetime,,inst-value,0,0,0;error-flags-dev-spec,,inst-value,0,0,0;datetime,,inst-value,0,0,30;volume,m3,inst-value,0,0,30;datetime,,inst-value,0,0,31;volume,m3,inst-value,0,0,31;manufacturer-specific,,inst-value,0,0,0;;;
6033601;40830190;2017-08-12 00:00;0;55,27;0;0;40830190;0;2017-08-12 00:24;17;2016-12-31 23:59;40,83;2015-12-31 23:59;19,61;;;;
serial-number;device-identification;created;value-data-count;volume,m3,inst-value,0,0,0;volume acc-of-abs-value-only-if-neg-contr,m3,inst-value,0,0,0;volume-flow,m3/h,inst-value,0,0,0;fabrication-no,,inst-value,0,0,0;customer-location,,inst-value,0,0,0;datetime,,inst-value,0,0,0;error-flags-dev-spec,,inst-value,0,0,0;datetime,,inst-value,0,0,30;volume,m3,inst-value,0,0,30;datetime,,inst-value,0,0,31;volume,m3,inst-value,0,0,31;manufacturer-specific,,inst-value,0,0,0;;;
6033601;40830191;2017-08-12 00:00;0;87,71;0;0;40830191;0;2017-08-12 00:03;17;2016-12-31 23:59;65,79;2015-12-31 23:59;33,38;;;;
serial-number;device-identification;created;value-data-count;volume,m3,inst-value,0,0,0;volume acc-of-abs-value-only-if-neg-contr,m3,inst-value,0,0,0;volume-flow,m3/h,inst-value,0,0,0;fabrication-no,,inst-value,0,0,0;customer-location,,inst-value,0,0,0;datetime,,inst-value,0,0,0;error-flags-dev-spec,,inst-value,0,0,0;datetime,,inst-value,0,0,30;volume,m3,inst-value,0,0,30;datetime,,inst-value,0,0,31;volume,m3,inst-value,0,0,31;manufacturer-specific,,inst-value,0,0,0;;;
6033601;40830192;2017-08-12 00:00;0;48,62;0;0;40830192;0;2017-08-12 00:09;17;2016-12-31 23:59;30,84;2015-12-31 23:59;10,94;;;;
serial-number;device-identification;created;value-data-count;volume,m3,inst-value,0,0,0;volume acc-of-abs-value-only-if-neg-contr,m3,inst-value,0,0,0;volume-flow,m3/h,inst-value,0,0,0;fabrication-no,,inst-value,0,0,0;customer-location,,inst-value,0,0,0;datetime,,inst-value,0,0,0;error-flags-dev-spec,,inst-value,0,0,0;datetime,,inst-value,0,0,30;volume,m3,inst-value,0,0,30;datetime,,inst-value,0,0,31;volume,m3,inst-value,0,0,31;manufacturer-specific,,inst-value,0,0,0;;;
6033601;40830193;2017-08-12 00:00;0;133,73;0,01;0;40830193;0;2017-08-12 00:05;17;2016-12-31 23:59;96,49;2015-12-31 23:59;36,91;;;;
serial-number;device-identification;created;value-data-count;volume,m3,inst-value,0,0,0;volume acc-of-abs-value-only-if-neg-contr,m3,inst-value,0,0,0;volume-flow,m3/h,inst-value,0,0,0;fabrication-no,,inst-value,0,0,0;customer-location,,inst-value,0,0,0;datetime,,inst-value,0,0,0;error-flags-dev-spec,,inst-value,0,0,0;datetime,,inst-value,0,0,30;volume,m3,inst-value,0,0,30;datetime,,inst-value,0,0,31;volume,m3,inst-value,0,0,31;manufacturer-specific,,inst-value,0,0,0;;;
6033601;40830194;2017-08-12 00:00;0;72,16;0,01;0;40830194;0;2017-08-12 00:01;17;2016-12-31 23:59;53,47;2015-12-31 23:59;23,67;;;;
serial-number;device-identification;created;value-data-count;volume,m3,inst-value,0,0,0;volume acc-of-abs-value-only-if-neg-contr,m3,inst-value,0,0,0;volume-flow,m3/h,inst-value,0,0,0;fabrication-no,,inst-value,0,0,0;customer-location,,inst-value,0,0,0;datetime,,inst-value,0,0,0;error-flags-dev-spec,,inst-value,0,0,0;datetime,,inst-value,0,0,30;volume,m3,inst-value,0,0,30;datetime,,inst-value,0,0,31;volume,m3,inst-value,0,0,31;manufacturer-specific,,inst-value,0,0,0;;;
6033601;40830195;2017-08-12 00:00;0;118,97;0,01;0;40830195;0;2017-08-12 00:00;17;2016-12-31 23:59;95,87;2015-12-31 23:59;53,05;;;;
serial-number;device-identification;created;value-data-count;volume,m3,inst-value,0,0,0;volume acc-of-abs-value-only-if-neg-contr,m3,inst-value,0,0,0;volume-flow,m3/h,inst-value,0,0,0;fabrication-no,,inst-value,0,0,0;customer-location,,inst-value,0,0,0;datetime,,inst-value,0,0,0;error-flags-dev-spec,,inst-value,0,0,0;datetime,,inst-value,0,0,30;volume,m3,inst-value,0,0,30;datetime,,inst-value,0,0,31;volume,m3,inst-value,0,0,31;manufacturer-specific,,inst-value,0,0,0;;;
6033601;40830196;2017-08-12 00:00;0;153,97;0,01;0;40830196;0;2017-08-12 00:15;17;2016-12-31 23:59;113,8;2015-12-31 23:59;48,73;;;;
serial-number;device-identification;created;value-data-count;volume,m3,inst-value,0,0,0;volume acc-of-abs-value-only-if-neg-contr,m3,inst-value,0,0,0;volume-flow,m3/h,inst-value,0,0,0;fabrication-no,,inst-value,0,0,0;customer-location,,inst-value,0,0,0;datetime,,inst-value,0,0,0;error-flags-dev-spec,,inst-value,0,0,0;datetime,,inst-value,0,0,30;volume,m3,inst-value,0,0,30;datetime,,inst-value,0,0,31;volume,m3,inst-value,0,0,31;manufacturer-specific,,inst-value,0,0,0;;;
6033601;40830197;2017-08-12 00:00;0;45,37;0,01;0;40830197;0;2017-08-12 00:19;17;2016-12-31 23:59;33,32;2015-12-31 23:59;17,31;;;;
serial-number;device-identification;created;value-data-count;volume,m3,inst-value,0,0,0;volume acc-of-abs-value-only-if-neg-contr,m3,inst-value,0,0,0;volume-flow,m3/h,inst-value,0,0,0;fabrication-no,,inst-value,0,0,0;customer-location,,inst-value,0,0,0;datetime,,inst-value,0,0,0;error-flags-dev-spec,,inst-value,0,0,0;datetime,,inst-value,0,0,30;volume,m3,inst-value,0,0,30;datetime,,inst-value,0,0,31;volume,m3,inst-value,0,0,31;manufacturer-specific,,inst-value,0,0,0;;;
6033601;40830198;2017-08-12 00:00;0;71,9;0,01;0;40830198;0;2017-08-12 00:05;17;2016-12-31 23:59;61,78;2015-12-31 23:59;32,52;;;;
serial-number;device-identification;created;value-data-count;volume,m3,inst-value,0,0,0;volume acc-of-abs-value-only-if-neg-contr,m3,inst-value,0,0,0;volume-flow,m3/h,inst-value,0,0,0;fabrication-no,,inst-value,0,0,0;customer-location,,inst-value,0,0,0;datetime,,inst-value,0,0,0;error-flags-dev-spec,,inst-value,0,0,0;datetime,,inst-value,0,0,30;volume,m3,inst-value,0,0,30;datetime,,inst-value,0,0,31;volume,m3,inst-value,0,0,31;manufacturer-specific,,inst-value,0,0,0;;;
6033601;40830199;2017-08-12 00:00;0;58,48;0;0;40830199;0;2017-08-12 00:14;17;2016-12-31 23:59;44,75;2015-12-31 23:59;21,53;;;;
serial-number;device-identification;created;value-data-count;volume,m3,inst-value,0,0,0;volume acc-of-abs-value-only-if-neg-contr,m3,inst-value,0,0,0;volume-flow,m3/h,inst-value,0,0,0;fabrication-no,,inst-value,0,0,0;customer-location,,inst-value,0,0,0;datetime,,inst-value,0,0,0;error-flags-dev-spec,,inst-value,0,0,0;datetime,,inst-value,0,0,30;volume,m3,inst-value,0,0,30;datetime,,inst-value,0,0,31;volume,m3,inst-value,0,0,31;manufacturer-specific,,inst-value,0,0,0;;;
6033601;40830200;2017-08-12 00:00;0;115,24;0,01;0;40830200;0;2017-08-12 00:21;17;2016-12-31 23:59;86,47;2015-12-31 23:59;41,04;;;;
serial-number;device-identification;created;value-data-count;volume,m3,inst-value,0,0,0;volume acc-of-abs-value-only-if-neg-contr,m3,inst-value,0,0,0;volume-flow,m3/h,inst-value,0,0,0;fabrication-no,,inst-value,0,0,0;customer-location,,inst-value,0,0,0;datetime,,inst-value,0,0,0;error-flags-dev-spec,,inst-value,0,0,0;datetime,,inst-value,0,0,30;volume,m3,inst-value,0,0,30;datetime,,inst-value,0,0,31;volume,m3,inst-value,0,0,31;manufacturer-specific,,inst-value,0,0,0;;;
6033601;40830201;2017-08-12 00:00;0;54,12;0,01;0;40830201;0;2017-08-12 00:22;17;2016-12-31 23:59;42,06;2015-12-31 23:59;19,6;;;;
serial-number;device-identification;created;value-data-count;volume,m3,inst-value,0,0,0;volume acc-of-abs-value-only-if-neg-contr,m3,inst-value,0,0,0;volume-flow,m3/h,inst-value,0,0,0;fabrication-no,,inst-value,0,0,0;customer-location,,inst-value,0,0,0;datetime,,inst-value,0,0,0;error-flags-dev-spec,,inst-value,0,0,0;datetime,,inst-value,0,0,30;volume,m3,inst-value,0,0,30;datetime,,inst-value,0,0,31;volume,m3,inst-value,0,0,31;manufacturer-specific,,inst-value,0,0,0;;;
6033601;40830202;2017-08-12 00:00;0;49,35;0,01;0;40830202;0;2017-08-12 00:16;17;2016-12-31 23:59;41,43;2015-12-31 23:59;28,37;;;;
serial-number;device-identification;created;value-data-count;volume,m3,inst-value,0,0,0;volume acc-of-abs-value-only-if-neg-contr,m3,inst-value,0,0,0;volume-flow,m3/h,inst-value,0,0,0;fabrication-no,,inst-value,0,0,0;customer-location,,inst-value,0,0,0;datetime,,inst-value,0,0,0;error-flags-dev-spec,,inst-value,0,0,0;datetime,,inst-value,0,0,30;volume,m3,inst-value,0,0,30;datetime,,inst-value,0,0,31;volume,m3,inst-value,0,0,31;manufacturer-specific,,inst-value,0,0,0;;;
6033601;40830203;2017-08-12 00:00;0;83,52;0,01;0,32;40830203;0;2017-08-12 00:17;17;2016-12-31 23:59;66,38;2015-12-31 23:59;32,76;;;;
serial-number;device-identification;created;value-data-count;volume,m3,inst-value,0,0,0;volume acc-of-abs-value-only-if-neg-contr,m3,inst-value,0,0,0;volume-flow,m3/h,inst-value,0,0,0;fabrication-no,,inst-value,0,0,0;customer-location,,inst-value,0,0,0;datetime,,inst-value,0,0,0;error-flags-dev-spec,,inst-value,0,0,0;datetime,,inst-value,0,0,30;volume,m3,inst-value,0,0,30;datetime,,inst-value,0,0,31;volume,m3,inst-value,0,0,31;manufacturer-specific,,inst-value,0,0,0;;;
6033601;40830204;2017-08-12 00:00;0;140,27;0,01;0;40830204;0;2017-08-11 23:50;17;2016-12-31 23:59;105,66;2015-12-31 23:59;57,91;;;;
serial-number;device-identification;created;value-data-count;volume,m3,inst-value,0,0,0;volume acc-of-abs-value-only-if-neg-contr,m3,inst-value,0,0,0;volume-flow,m3/h,inst-value,0,0,0;fabrication-no,,inst-value,0,0,0;customer-location,,inst-value,0,0,0;datetime,,inst-value,0,0,0;error-flags-dev-spec,,inst-value,0,0,0;datetime,,inst-value,0,0,30;volume,m3,inst-value,0,0,30;datetime,,inst-value,0,0,31;volume,m3,inst-value,0,0,31;manufacturer-specific,,inst-value,0,0,0;;;
6033601;40830205;2017-08-12 00:00;0;54,4;0,01;0;40830205;0;2017-08-12 00:11;17;2016-12-31 23:59;41,42;2015-12-31 23:59;23,03;;;;
serial-number;device-identification;created;value-data-count;volume,m3,inst-value,0,0,0;volume acc-of-abs-value-only-if-neg-contr,m3,inst-value,0,0,0;volume-flow,m3/h,inst-value,0,0,0;fabrication-no,,inst-value,0,0,0;customer-location,,inst-value,0,0,0;datetime,,inst-value,0,0,0;error-flags-dev-spec,,inst-value,0,0,0;datetime,,inst-value,0,0,30;volume,m3,inst-value,0,0,30;datetime,,inst-value,0,0,31;volume,m3,inst-value,0,0,31;manufacturer-specific,,inst-value,0,0,0;;;
6033601;40830206;2017-08-12 00:00;0;114,93;0,02;0;40830206;0;2017-08-12 00:00;17;2016-12-31 23:59;86,11;2015-12-31 23:59;41,14;;;;
serial-number;device-identification;created;value-data-count;volume,m3,inst-value,0,0,0;volume acc-of-abs-value-only-if-neg-contr,m3,inst-value,0,0,0;volume-flow,m3/h,inst-value,0,0,0;fabrication-no,,inst-value,0,0,0;customer-location,,inst-value,0,0,0;datetime,,inst-value,0,0,0;error-flags-dev-spec,,inst-value,0,0,0;datetime,,inst-value,0,0,30;volume,m3,inst-value,0,0,30;datetime,,inst-value,0,0,31;volume,m3,inst-value,0,0,31;manufacturer-specific,,inst-value,0,0,0;;;
6033601;40830207;2017-08-12 00:00;0;101,5;0,01;0;40830207;0;2017-08-12 00:20;17;2016-12-31 23:59;77,17;2015-12-31 23:59;37,26;;;;
serial-number;device-identification;created;value-data-count;volume,m3,inst-value,0,0,0;volume acc-of-abs-value-only-if-neg-contr,m3,inst-value,0,0,0;volume-flow,m3/h,inst-value,0,0,0;fabrication-no,,inst-value,0,0,0;customer-location,,inst-value,0,0,0;datetime,,inst-value,0,0,0;error-flags-dev-spec,,inst-value,0,0,0;datetime,,inst-value,0,0,30;volume,m3,inst-value,0,0,30;datetime,,inst-value,0,0,31;volume,m3,inst-value,0,0,31;manufacturer-specific,,inst-value,0,0,0;;;
6033601;40830208;2017-08-12 00:00;0;85,36;0,01;0,2;40830208;0;2017-08-12 00:13;17;2016-12-31 23:59;67,57;2015-12-31 23:59;35,25;;;;
serial-number;device-identification;created;value-data-count;volume,m3,inst-value,0,0,0;volume acc-of-abs-value-only-if-neg-contr,m3,inst-value,0,0,0;volume-flow,m3/h,inst-value,0,0,0;fabrication-no,,inst-value,0,0,0;customer-location,,inst-value,0,0,0;datetime,,inst-value,0,0,0;error-flags-dev-spec,,inst-value,0,0,0;datetime,,inst-value,0,0,30;volume,m3,inst-value,0,0,30;datetime,,inst-value,0,0,31;volume,m3,inst-value,0,0,31;manufacturer-specific,,inst-value,0,0,0;;;
6033601;40830209;2017-08-12 00:00;0;144,79;0,01;0;40830209;0;2017-08-12 00:08;17;2016-12-31 23:59;112,96;2015-12-31 23:59;60,68;;;;
serial-number;device-identification;created;value-data-count;volume,m3,inst-value,0,0,0;volume acc-of-abs-value-only-if-neg-contr,m3,inst-value,0,0,0;volume-flow,m3/h,inst-value,0,0,0;fabrication-no,,inst-value,0,0,0;customer-location,,inst-value,0,0,0;datetime,,inst-value,0,0,0;error-flags-dev-spec,,inst-value,0,0,0;datetime,,inst-value,0,0,30;volume,m3,inst-value,0,0,30;datetime,,inst-value,0,0,31;volume,m3,inst-value,0,0,31;manufacturer-specific,,inst-value,0,0,0;;;
6033601;40830210;2017-08-12 00:00;0;75,45;0,01;0;40830210;0;2017-08-11 23:59;17;2016-12-31 23:59;56,65;2015-12-31 23:59;28,27;;;;
serial-number;device-identification;created;value-data-count;volume,m3,inst-value,0,0,0;volume acc-of-abs-value-only-if-neg-contr,m3,inst-value,0,0,0;volume-flow,m3/h,inst-value,0,0,0;fabrication-no,,inst-value,0,0,0;customer-location,,inst-value,0,0,0;datetime,,inst-value,0,0,0;error-flags-dev-spec,,inst-value,0,0,0;datetime,,inst-value,0,0,30;volume,m3,inst-value,0,0,30;datetime,,inst-value,0,0,31;volume,m3,inst-value,0,0,31;manufacturer-specific,,inst-value,0,0,0;;;
6033601;40830211;2017-08-12 00:00;0;132,46;0,01;0;40830211;0;2017-08-12 00:09;17;2016-12-31 23:59;102,76;2015-12-31 23:59;53,49;;;;
serial-number;device-identification;created;value-data-count;volume,m3,inst-value,0,0,0;volume acc-of-abs-value-only-if-neg-contr,m3,inst-value,0,0,0;volume-flow,m3/h,inst-value,0,0,0;fabrication-no,,inst-value,0,0,0;customer-location,,inst-value,0,0,0;datetime,,inst-value,0,0,0;error-flags-dev-spec,,inst-value,0,0,0;datetime,,inst-value,0,0,30;volume,m3,inst-value,0,0,30;datetime,,inst-value,0,0,31;volume,m3,inst-value,0,0,31;manufacturer-specific,,inst-value,0,0,0;;;
6033601;40830212;2017-08-12 00:00;0;273,89;0,01;0;40830212;0;2017-08-12 00:05;17;2016-12-31 23:59;208,63;2015-12-31 23:59;101,13;;;;
serial-number;device-identification;created;value-data-count;volume,m3,inst-value,0,0,0;volume acc-of-abs-value-only-if-neg-contr,m3,inst-value,0,0,0;volume-flow,m3/h,inst-value,0,0,0;fabrication-no,,inst-value,0,0,0;customer-location,,inst-value,0,0,0;datetime,,inst-value,0,0,0;error-flags-dev-spec,,inst-value,0,0,0;datetime,,inst-value,0,0,30;volume,m3,inst-value,0,0,30;datetime,,inst-value,0,0,31;volume,m3,inst-value,0,0,31;manufacturer-specific,,inst-value,0,0,0;;;
6033601;40830213;2017-08-12 00:00;0;33,19;0,01;0;40830213;0;2017-08-12 00:12;17;2016-12-31 23:59;26,82;2015-12-31 23:59;13,26;;;;
serial-number;device-identification;created;value-data-count;volume,m3,inst-value,0,0,0;volume acc-of-abs-value-only-if-neg-contr,m3,inst-value,0,0,0;volume-flow,m3/h,inst-value,0,0,0;fabrication-no,,inst-value,0,0,0;customer-location,,inst-value,0,0,0;datetime,,inst-value,0,0,0;error-flags-dev-spec,,inst-value,0,0,0;datetime,,inst-value,0,0,30;volume,m3,inst-value,0,0,30;datetime,,inst-value,0,0,31;volume,m3,inst-value,0,0,31;manufacturer-specific,,inst-value,0,0,0;;;
6033601;40830214;2017-08-12 00:00;0;94,11;0,01;0;40830214;0;2017-08-12 00:15;17;2016-12-31 23:59;75,95;2015-12-31 23:59;38,84;;;;
serial-number;device-identification;created;value-data-count;volume,m3,inst-value,0,0,0;volume acc-of-abs-value-only-if-neg-contr,m3,inst-value,0,0,0;volume-flow,m3/h,inst-value,0,0,0;fabrication-no,,inst-value,0,0,0;customer-location,,inst-value,0,0,0;datetime,,inst-value,0,0,0;error-flags-dev-spec,,inst-value,0,0,0;datetime,,inst-value,0,0,30;volume,m3,inst-value,0,0,30;datetime,,inst-value,0,0,31;volume,m3,inst-value,0,0,31;manufacturer-specific,,inst-value,0,0,0;;;
6033601;40830215;2017-08-12 00:00;0;131,15;0,01;0;40830215;0;2017-08-12 00:02;17;2016-12-31 23:59;105,15;2015-12-31 23:59;58,47;;;;
serial-number;device-identification;created;value-data-count;volume,m3,inst-value,0,0,0;volume acc-of-abs-value-only-if-neg-contr,m3,inst-value,0,0,0;volume-flow,m3/h,inst-value,0,0,0;fabrication-no,,inst-value,0,0,0;customer-location,,inst-value,0,0,0;datetime,,inst-value,0,0,0;error-flags-dev-spec,,inst-value,0,0,0;datetime,,inst-value,0,0,30;volume,m3,inst-value,0,0,30;datetime,,inst-value,0,0,31;volume,m3,inst-value,0,0,31;manufacturer-specific,,inst-value,0,0,0;;;
6033601;40830216;2017-08-12 00:00;0;152,49;0,01;0;40830216;0;2017-08-12 00:01;17;2016-12-31 23:59;101,29;2015-12-31 23:59;50,4;;;;
serial-number;device-identification;created;value-data-count;volume,m3,inst-value,0,0,0;volume acc-of-abs-value-only-if-neg-contr,m3,inst-value,0,0,0;volume-flow,m3/h,inst-value,0,0,0;fabrication-no,,inst-value,0,0,0;customer-location,,inst-value,0,0,0;datetime,,inst-value,0,0,0;error-flags-dev-spec,,inst-value,0,0,0;datetime,,inst-value,0,0,30;volume,m3,inst-value,0,0,30;datetime,,inst-value,0,0,31;volume,m3,inst-value,0,0,31;manufacturer-specific,,inst-value,0,0,0;;;
6033601;40830217;2017-08-12 00:00;0;100,49;0,01;0;40830217;0;2017-08-12 00:12;17;2016-12-31 23:59;87,89;2015-12-31 23:59;58,33;;;;
serial-number;device-identification;created;value-data-count;volume,m3,inst-value,0,0,0;volume acc-of-abs-value-only-if-neg-contr,m3,inst-value,0,0,0;volume-flow,m3/h,inst-value,0,0,0;fabrication-no,,inst-value,0,0,0;customer-location,,inst-value,0,0,0;datetime,,inst-value,0,0,0;error-flags-dev-spec,,inst-value,0,0,0;datetime,,inst-value,0,0,30;volume,m3,inst-value,0,0,30;datetime,,inst-value,0,0,31;volume,m3,inst-value,0,0,31;manufacturer-specific,,inst-value,0,0,0;;;
6033601;40830218;2017-08-12 00:00;0;140,61;0,01;0;40830218;0;2017-08-12 00:11;17;2016-12-31 23:59;110,72;2015-12-31 23:59;73,07;;;;
serial-number;device-identification;created;value-data-count;volume,m3,inst-value,0,0,0;volume acc-of-abs-value-only-if-neg-contr,m3,inst-value,0,0,0;volume-flow,m3/h,inst-value,0,0,0;fabrication-no,,inst-value,0,0,0;customer-location,,inst-value,0,0,0;datetime,,inst-value,0,0,0;error-flags-dev-spec,,inst-value,0,0,0;datetime,,inst-value,0,0,30;volume,m3,inst-value,0,0,30;datetime,,inst-value,0,0,31;volume,m3,inst-value,0,0,31;manufacturer-specific,,inst-value,0,0,0;;;
6033601;40830219;2017-08-12 00:00;0;116,31;0,01;0;40830219;0;2017-08-12 00:00;17;2016-12-31 23:59;84,87;2015-12-31 23:59;43,62;;;;
serial-number;device-identification;created;value-data-count;volume,m3,inst-value,0,0,0;volume acc-of-abs-value-only-if-neg-contr,m3,inst-value,0,0,0;volume-flow,m3/h,inst-value,0,0,0;fabrication-no,,inst-value,0,0,0;customer-location,,inst-value,0,0,0;datetime,,inst-value,0,0,0;error-flags-dev-spec,,inst-value,0,0,0;datetime,,inst-value,0,0,30;volume,m3,inst-value,0,0,30;datetime,,inst-value,0,0,31;volume,m3,inst-value,0,0,31;manufacturer-specific,,inst-value,0,0,0;;;
6033601;40830220;2017-08-12 00:00;0;198,28;0,01;0;40830220;0;2017-08-12 00:14;17;2016-12-31 23:59;153,42;2015-12-31 23:59;64,96;;;;
serial-number;device-identification;created;value-data-count;volume,m3,inst-value,0,0,0;volume acc-of-abs-value-only-if-neg-contr,m3,inst-value,0,0,0;volume-flow,m3/h,inst-value,0,0,0;fabrication-no,,inst-value,0,0,0;customer-location,,inst-value,0,0,0;datetime,,inst-value,0,0,0;error-flags-dev-spec,,inst-value,0,0,0;datetime,,inst-value,0,0,30;volume,m3,inst-value,0,0,30;datetime,,inst-value,0,0,31;volume,m3,inst-value,0,0,31;manufacturer-specific,,inst-value,0,0,0;;;
6033601;40830221;2017-08-12 00:00;0;13,27;0,01;0;40830221;0;2017-08-12 00:10;17;2016-12-31 23:59;13,11;2015-12-31 23:59;8,35;;;;
serial-number;device-identification;created;value-data-count;volume,m3,inst-value,0,0,0;volume acc-of-abs-value-only-if-neg-contr,m3,inst-value,0,0,0;volume-flow,m3/h,inst-value,0,0,0;fabrication-no,,inst-value,0,0,0;customer-location,,inst-value,0,0,0;datetime,,inst-value,0,0,0;error-flags-dev-spec,,inst-value,0,0,0;datetime,,inst-value,0,0,30;volume,m3,inst-value,0,0,30;datetime,,inst-value,0,0,31;volume,m3,inst-value,0,0,31;manufacturer-specific,,inst-value,0,0,0;;;
6033601;40830222;2017-08-12 00:00;0;73,09;0,01;0;40830222;0;2017-08-12 00:10;17;2016-12-31 23:59;58,82;2015-12-31 23:59;33,41;;;;
serial-number;device-identification;created;value-data-count;volume,m3,inst-value,0,0,0;volume acc-of-abs-value-only-if-neg-contr,m3,inst-value,0,0,0;volume-flow,m3/h,inst-value,0,0,0;fabrication-no,,inst-value,0,0,0;customer-location,,inst-value,0,0,0;datetime,,inst-value,0,0,0;error-flags-dev-spec,,inst-value,0,0,0;datetime,,inst-value,0,0,30;volume,m3,inst-value,0,0,30;datetime,,inst-value,0,0,31;volume,m3,inst-value,0,0,31;manufacturer-specific,,inst-value,0,0,0;;;
6033601;40830223;2017-08-12 00:00;0;59,9;0,01;0;40830223;0;2017-08-11 23:57;17;2016-12-31 23:59;45,14;2015-12-31 23:59;22,01;;;;
serial-number;device-identification;created;value-data-count;volume,m3,inst-value,0,0,0;volume acc-of-abs-value-only-if-neg-contr,m3,inst-value,0,0,0;volume-flow,m3/h,inst-value,0,0,0;fabrication-no,,inst-value,0,0,0;customer-location,,inst-value,0,0,0;datetime,,inst-value,0,0,0;error-flags-dev-spec,,inst-value,0,0,0;datetime,,inst-value,0,0,30;volume,m3,inst-value,0,0,30;datetime,,inst-value,0,0,31;volume,m3,inst-value,0,0,31;manufacturer-specific,,inst-value,0,0,0;;;
6033601;40830224;2017-08-12 00:00;0;94,08;0,01;0;40830224;0;2017-08-12 00:00;17;2016-12-31 23:59;72,86;2015-12-31 23:59;37,46;;;;
serial-number;device-identification;created;value-data-count;volume,m3,inst-value,0,0,0;volume acc-of-abs-value-only-if-neg-contr,m3,inst-value,0,0,0;volume-flow,m3/h,inst-value,0,0,0;fabrication-no,,inst-value,0,0,0;customer-location,,inst-value,0,0,0;datetime,,inst-value,0,0,0;error-flags-dev-spec,,inst-value,0,0,0;datetime,,inst-value,0,0,30;volume,m3,inst-value,0,0,30;datetime,,inst-value,0,0,31;volume,m3,inst-value,0,0,31;manufacturer-specific,,inst-value,0,0,0;;;
6033601;40830225;2017-08-12 00:00;0;156,22;0,01;0;40830225;0;2017-08-11 23:56;17;2016-12-31 23:59;115,38;2015-12-31 23:59;57,12;;;;
serial-number;device-identification;created;value-data-count;volume,m3,inst-value,0,0,0;volume acc-of-abs-value-only-if-neg-contr,m3,inst-value,0,0,0;volume-flow,m3/h,inst-value,0,0,0;fabrication-no,,inst-value,0,0,0;customer-location,,inst-value,0,0,0;datetime,,inst-value,0,0,0;error-flags-dev-spec,,inst-value,0,0,0;datetime,,inst-value,0,0,30;volume,m3,inst-value,0,0,30;datetime,,inst-value,0,0,31;volume,m3,inst-value,0,0,31;manufacturer-specific,,inst-value,0,0,0;;;
6033601;40830226;2017-08-12 00:00;0;78,16;0,02;0;40830226;0;2017-08-12 00:16;17;2016-12-31 23:59;57,2;2015-12-31 23:59;27,62;;;;
serial-number;device-identification;created;value-data-count;volume,m3,inst-value,0,0,0;volume acc-of-abs-value-only-if-neg-contr,m3,inst-value,0,0,0;volume-flow,m3/h,inst-value,0,0,0;fabrication-no,,inst-value,0,0,0;customer-location,,inst-value,0,0,0;datetime,,inst-value,0,0,0;error-flags-dev-spec,,inst-value,0,0,0;datetime,,inst-value,0,0,30;volume,m3,inst-value,0,0,30;datetime,,inst-value,0,0,31;volume,m3,inst-value,0,0,31;manufacturer-specific,,inst-value,0,0,0;;;
6033601;40830229;2017-08-12 00:00;0;88,58;6,95;0;40830229;0;2017-08-12 00:20;17;2016-12-31 23:59;65,56;2015-12-31 23:59;29,5;;;;
serial-number;device-identification;created;value-data-count;volume,m3,inst-value,0,0,0;volume acc-of-abs-value-only-if-neg-contr,m3,inst-value,0,0,0;volume-flow,m3/h,inst-value,0,0,0;fabrication-no,,inst-value,0,0,0;customer-location,,inst-value,0,0,0;datetime,,inst-value,0,0,0;error-flags-dev-spec,,inst-value,0,0,0;datetime,,inst-value,0,0,30;volume,m3,inst-value,0,0,30;datetime,,inst-value,0,0,31;volume,m3,inst-value,0,0,31;manufacturer-specific,,inst-value,0,0,0;;;
6033601;40830234;2017-08-12 00:00;0;86,36;0,01;0;40830234;0;2017-08-12 00:14;17;2016-12-31 23:59;60,1;2015-12-31 23:59;27,15;;;;
serial-number;device-identification;created;value-data-count;volume,m3,inst-value,0,0,0;volume acc-of-abs-value-only-if-neg-contr,m3,inst-value,0,0,0;volume-flow,m3/h,inst-value,0,0,0;fabrication-no,,inst-value,0,0,0;customer-location,,inst-value,0,0,0;datetime,,inst-value,0,0,0;error-flags-dev-spec,,inst-value,0,0,0;datetime,,inst-value,0,0,30;volume,m3,inst-value,0,0,30;datetime,,inst-value,0,0,31;volume,m3,inst-value,0,0,31;manufacturer-specific,,inst-value,0,0,0;;;
6033601;40830235;2017-08-12 00:00;0;169,91;0,01;0;40830235;0;2017-08-11 23:58;17;2016-12-31 23:59;132,48;2015-12-31 23:59;59,5;;;;
serial-number;device-identification;created;value-data-count;volume,m3,inst-value,0,0,0;volume acc-of-abs-value-only-if-neg-contr,m3,inst-value,0,0,0;volume-flow,m3/h,inst-value,0,0,0;fabrication-no,,inst-value,0,0,0;customer-location,,inst-value,0,0,0;datetime,,inst-value,0,0,0;error-flags-dev-spec,,inst-value,0,0,0;datetime,,inst-value,0,0,30;volume,m3,inst-value,0,0,30;datetime,,inst-value,0,0,31;volume,m3,inst-value,0,0,31;manufacturer-specific,,inst-value,0,0,0;;;
6033601;40830236;2017-08-12 00:00;0;144,25;0,01;0;40830236;0;2017-08-12 00:13;17;2016-12-31 23:59;112,36;2015-12-31 23:59;60,13;;;;
serial-number;device-identification;created;value-data-count;volume,m3,inst-value,0,0,0;volume acc-of-abs-value-only-if-neg-contr,m3,inst-value,0,0,0;volume-flow,m3/h,inst-value,0,0,0;fabrication-no,,inst-value,0,0,0;customer-location,,inst-value,0,0,0;datetime,,inst-value,0,0,0;error-flags-dev-spec,,inst-value,0,0,0;datetime,,inst-value,0,0,30;volume,m3,inst-value,0,0,30;datetime,,inst-value,0,0,31;volume,m3,inst-value,0,0,31;manufacturer-specific,,inst-value,0,0,0;;;
6033601;40830237;2017-08-12 00:00;0;97,54;0,01;0;40830237;0;2017-08-11 23:57;17;2016-12-31 23:59;75,89;2015-12-31 23:59;37,28;;;;
serial-number;device-identification;created;value-data-count;volume,m3,inst-value,0,0,0;volume acc-of-abs-value-only-if-neg-contr,m3,inst-value,0,0,0;volume-flow,m3/h,inst-value,0,0,0;fabrication-no,,inst-value,0,0,0;customer-location,,inst-value,0,0,0;datetime,,inst-value,0,0,0;error-flags-dev-spec,,inst-value,0,0,0;datetime,,inst-value,0,0,30;volume,m3,inst-value,0,0,30;datetime,,inst-value,0,0,31;volume,m3,inst-value,0,0,31;manufacturer-specific,,inst-value,0,0,0;;;
6033601;40830238;2017-08-12 00:00;0;46,65;0,01;0;40830238;0;2017-08-12 00:10;17;2016-12-31 23:59;39,76;2015-12-31 23:59;27,95;;;;
serial-number;device-identification;created;value-data-count;volume,m3,inst-value,0,0,0;volume acc-of-abs-value-only-if-neg-contr,m3,inst-value,0,0,0;volume-flow,m3/h,inst-value,0,0,0;fabrication-no,,inst-value,0,0,0;customer-location,,inst-value,0,0,0;datetime,,inst-value,0,0,0;error-flags-dev-spec,,inst-value,0,0,0;datetime,,inst-value,0,0,30;volume,m3,inst-value,0,0,30;datetime,,inst-value,0,0,31;volume,m3,inst-value,0,0,31;manufacturer-specific,,inst-value,0,0,0;;;
6033601;40830239;2017-08-12 00:00;0;120,41;0,01;0;40830239;0;2017-08-12 00:02;17;2016-12-31 23:59;82,06;2015-12-31 23:59;20,93;;;;
serial-number;device-identification;created;value-data-count;volume,m3,inst-value,0,0,0;volume acc-of-abs-value-only-if-neg-contr,m3,inst-value,0,0,0;volume-flow,m3/h,inst-value,0,0,0;fabrication-no,,inst-value,0,0,0;customer-location,,inst-value,0,0,0;datetime,,inst-value,0,0,0;error-flags-dev-spec,,inst-value,0,0,0;datetime,,inst-value,0,0,30;volume,m3,inst-value,0,0,30;datetime,,inst-value,0,0,31;volume,m3,inst-value,0,0,31;manufacturer-specific,,inst-value,0,0,0;;;
6033601;40830240;2017-08-12 00:00;0;101,67;0,01;0;40830240;0;2017-08-11 23:57;17;2016-12-31 23:59;90,16;2015-12-31 23:59;44,07;;;;
serial-number;device-identification;created;value-data-count;volume,m3,inst-value,0,0,0;volume acc-of-abs-value-only-if-neg-contr,m3,inst-value,0,0,0;volume-flow,m3/h,inst-value,0,0,0;fabrication-no,,inst-value,0,0,0;customer-location,,inst-value,0,0,0;datetime,,inst-value,0,0,0;error-flags-dev-spec,,inst-value,0,0,0;datetime,,inst-value,0,0,30;volume,m3,inst-value,0,0,30;datetime,,inst-value,0,0,31;volume,m3,inst-value,0,0,31;manufacturer-specific,,inst-value,0,0,0;;;
6033601;40830241;2017-08-12 00:00;0;205,63;0,01;0;40830241;0;2017-08-11 23:58;17;2016-12-31 23:59;153,24;2015-12-31 23:59;76,51;;;;
serial-number;device-identification;created;value-data-count;volume,m3,inst-value,0,0,0;volume acc-of-abs-value-only-if-neg-contr,m3,inst-value,0,0,0;volume-flow,m3/h,inst-value,0,0,0;fabrication-no,,inst-value,0,0,0;customer-location,,inst-value,0,0,0;datetime,,inst-value,0,0,0;error-flags-dev-spec,,inst-value,0,0,0;datetime,,inst-value,0,0,30;volume,m3,inst-value,0,0,30;datetime,,inst-value,0,0,31;volume,m3,inst-value,0,0,31;manufacturer-specific,,inst-value,0,0,0;;;
6033601;40830242;2017-08-12 00:00;0;77,37;0,01;0;40830242;0;2017-08-12 00:20;17;2016-12-31 23:59;66,77;2015-12-31 23:59;30,86;;;;
serial-number;device-identification;created;value-data-count;volume,m3,inst-value,0,0,0;volume acc-of-abs-value-only-if-neg-contr,m3,inst-value,0,0,0;volume-flow,m3/h,inst-value,0,0,0;fabrication-no,,inst-value,0,0,0;customer-location,,inst-value,0,0,0;datetime,,inst-value,0,0,0;error-flags-dev-spec,,inst-value,0,0,0;datetime,,inst-value,0,0,30;volume,m3,inst-value,0,0,30;datetime,,inst-value,0,0,31;volume,m3,inst-value,0,0,31;manufacturer-specific,,inst-value,0,0,0;;;
6033601;40830243;2017-08-12 00:00;0;13,84;0,01;0;40830243;0;2017-08-12 00:11;17;2016-12-31 23:59;11,6;2015-12-31 23:59;6,85;;;;
serial-number;device-identification;created;value-data-count;volume,m3,inst-value,0,0,0;volume acc-of-abs-value-only-if-neg-contr,m3,inst-value,0,0,0;volume-flow,m3/h,inst-value,0,0,0;fabrication-no,,inst-value,0,0,0;customer-location,,inst-value,0,0,0;datetime,,inst-value,0,0,0;error-flags-dev-spec,,inst-value,0,0,0;datetime,,inst-value,0,0,30;volume,m3,inst-value,0,0,30;datetime,,inst-value,0,0,31;volume,m3,inst-value,0,0,31;manufacturer-specific,,inst-value,0,0,0;;;
6033601;40830244;2017-08-12 00:00;0;145,78;0,01;0;40830244;0;2017-08-12 00:06;17;2016-12-31 23:59;113,04;2015-12-31 23:59;54,9;;;;
serial-number;device-identification;created;value-data-count;volume,m3,inst-value,0,0,0;volume acc-of-abs-value-only-if-neg-contr,m3,inst-value,0,0,0;volume-flow,m3/h,inst-value,0,0,0;fabrication-no,,inst-value,0,0,0;customer-location,,inst-value,0,0,0;datetime,,inst-value,0,0,0;error-flags-dev-spec,,inst-value,0,0,0;datetime,,inst-value,0,0,30;volume,m3,inst-value,0,0,30;datetime,,inst-value,0,0,31;volume,m3,inst-value,0,0,31;manufacturer-specific,,inst-value,0,0,0;;;
6033601;40830245;2017-08-12 00:00;0;95,26;0,01;0;40830245;0;2017-08-12 00:00;17;2016-12-31 23:59;63,6;2015-12-31 23:59;18,9;;;;
serial-number;device-identification;created;value-data-count;volume,m3,inst-value,0,0,0;volume acc-of-abs-value-only-if-neg-contr,m3,inst-value,0,0,0;volume-flow,m3/h,inst-value,0,0,0;fabrication-no,,inst-value,0,0,0;customer-location,,inst-value,0,0,0;datetime,,inst-value,0,0,0;error-flags-dev-spec,,inst-value,0,0,0;datetime,,inst-value,0,0,30;volume,m3,inst-value,0,0,30;datetime,,inst-value,0,0,31;volume,m3,inst-value,0,0,31;manufacturer-specific,,inst-value,0,0,0;;;
6033601;40830246;2017-08-12 00:00;0;43,79;0,02;0;40830246;0;2017-08-12 00:04;17;2016-12-31 23:59;35,31;2015-12-31 23:59;21,78;;;;